{"level":"info","message":"App started at port 7000","service":"auth-service","timestamp":"2025-08-08T09:36:43.945Z"}
{"level":"info","message":"App started at port 9000","service":"auth-service","timestamp":"2025-08-08T09:49:48.995Z"}
{"level":"info","message":"request from / having a method of GET","service":"auth-service","timestamp":"2025-08-08T09:49:57.239Z"}
{"level":"info","message":"request from /favicon.ico having a method of GET","service":"auth-service","timestamp":"2025-08-08T09:49:57.474Z"}
{"level":"info","message":"request from /proxy having a method of GET","service":"auth-service","timestamp":"2025-08-08T09:50:11.447Z"}
{"level":"info","message":"App started at port 9000","service":"auth-service","timestamp":"2025-08-08T09:51:30.296Z"}
{"level":"info","message":"App started at port 9000","service":"auth-service","timestamp":"2025-08-08T09:51:37.811Z"}
{"level":"info","message":"request from /proxy having a method of GET","service":"auth-service","timestamp":"2025-08-08T09:51:52.481Z"}
{"level":"info","message":"App started at port 9000","service":"auth-service","timestamp":"2025-08-08T09:52:46.745Z"}
{"level":"info","message":"App started at port 9000","service":"auth-service","timestamp":"2025-08-08T09:52:47.762Z"}
{"level":"info","message":"App started at port 9000","service":"auth-service","timestamp":"2025-08-08T09:53:38.920Z"}
{"level":"info","message":"App started at port 9000","service":"auth-service","timestamp":"2025-08-08T09:53:48.251Z"}
{"level":"info","message":"App started at port 9000","service":"auth-service","timestamp":"2025-08-08T09:54:18.639Z"}
{"level":"info","message":"App started at port 9000","service":"auth-service","timestamp":"2025-08-08T09:54:19.456Z"}
{"level":"info","message":"App started at port 9000","service":"auth-service","timestamp":"2025-08-08T09:58:15.127Z"}
{"level":"info","message":"App started at port 9000","service":"auth-service","timestamp":"2025-08-08T09:59:19.190Z"}
{"level":"info","message":"App started at port 9000","service":"auth-service","timestamp":"2025-08-08T09:59:20.358Z"}
{"level":"info","message":"App started at port 9000","service":"auth-service","timestamp":"2025-08-08T09:59:27.471Z"}
{"level":"info","message":"App started at port 9000","service":"auth-service","timestamp":"2025-08-08T09:59:31.069Z"}
{"level":"info","message":"App started at port 9000","service":"auth-service","timestamp":"2025-08-08T09:59:32.332Z"}
{"level":"info","message":"App started at port 9000","service":"auth-service","timestamp":"2025-08-08T09:59:33.051Z"}
{"level":"info","message":"App started at port 9000","service":"auth-service","timestamp":"2025-08-08T09:59:37.211Z"}
{"level":"info","message":"App started at port 9000","service":"auth-service","timestamp":"2025-08-08T09:59:39.420Z"}
{"level":"info","message":"App started at port 9000","service":"auth-service","timestamp":"2025-08-08T09:59:47.070Z"}
{"level":"info","message":"App started at port 9000","service":"auth-service","timestamp":"2025-08-08T09:59:50.256Z"}
{"level":"info","message":"App started at port 9000","service":"auth-service","timestamp":"2025-08-08T10:00:15.992Z"}
{"level":"info","message":"App started at port 9000","service":"auth-service","timestamp":"2025-08-08T10:00:24.945Z"}
{"level":"info","message":"App started at port 9000","service":"auth-service","timestamp":"2025-08-08T10:03:52.861Z"}
{"level":"info","message":"App started at port 9000","service":"auth-service","timestamp":"2025-08-08T10:03:56.305Z"}
{"level":"info","message":"App started at port 9000","service":"auth-service","timestamp":"2025-08-08T10:04:13.680Z"}
{"level":"info","message":"App started at port 9000","service":"auth-service","timestamp":"2025-08-08T10:04:16.192Z"}
{"level":"info","message":"App started at port 9000","service":"auth-service","timestamp":"2025-08-08T10:04:17.010Z"}
{"level":"info","message":"App started at port 9000","service":"auth-service","timestamp":"2025-08-08T12:22:30.617Z"}
{"level":"info","message":"App started at port 9000","service":"auth-service","timestamp":"2025-08-08T12:22:43.237Z"}
{"level":"info","message":"App started at port 9000","service":"auth-service","timestamp":"2025-08-08T12:22:47.067Z"}
{"level":"info","message":"App started at port 9000","service":"auth-service","timestamp":"2025-08-08T12:22:55.735Z"}
{"level":"info","message":"App started at port 9000","service":"auth-service","timestamp":"2025-08-08T12:22:57.354Z"}
{"level":"info","message":"App started at port 9000","service":"auth-service","timestamp":"2025-08-08T12:23:35.810Z"}
{"level":"info","message":"App started at port 9000","service":"auth-service","timestamp":"2025-08-08T12:23:50.615Z"}
{"level":"info","message":"App started at port 9000","service":"auth-service","timestamp":"2025-08-08T12:24:01.103Z"}
{"level":"info","message":"App started at port 9000","service":"auth-service","timestamp":"2025-08-08T12:25:02.174Z"}
{"level":"info","message":"App started at port 9000","service":"auth-service","timestamp":"2025-08-08T12:25:46.315Z"}
{"level":"info","message":"App started at port 9000","service":"auth-service","timestamp":"2025-08-08T12:25:47.597Z"}
{"level":"info","message":"App started at port 9000","service":"auth-service","timestamp":"2025-08-08T12:26:47.731Z"}
{"level":"info","message":"App started at port 9000","service":"auth-service","timestamp":"2025-08-08T12:30:28.619Z"}
{"level":"info","message":"App started at port 9000","service":"auth-service","timestamp":"2025-08-08T12:30:34.351Z"}
{"level":"info","message":"App started at port 9000","service":"auth-service","timestamp":"2025-08-08T12:30:37.761Z"}
{"level":"info","message":"App started at port 9000","service":"auth-service","timestamp":"2025-08-08T12:30:40.361Z"}
{"level":"info","message":"App started at port 9000","service":"auth-service","timestamp":"2025-08-08T12:30:43.584Z"}
{"level":"info","message":"App started at port 9000","service":"auth-service","timestamp":"2025-08-08T12:30:45.888Z"}
{"level":"info","message":"App started at port 9000","service":"auth-service","timestamp":"2025-08-08T12:30:47.823Z"}
{"level":"info","message":"App started at port 9000","service":"auth-service","timestamp":"2025-08-08T12:30:51.823Z"}
{"level":"info","message":"App started at port 9000","service":"auth-service","timestamp":"2025-08-08T12:30:59.631Z"}
{"level":"info","message":"App started at port 9000","service":"auth-service","timestamp":"2025-08-08T12:31:04.095Z"}
{"level":"info","message":"App started at port 9000","service":"auth-service","timestamp":"2025-08-08T12:31:05.268Z"}
{"level":"info","message":"App started at port 9000","service":"auth-service","timestamp":"2025-08-08T12:31:06.409Z"}
{"level":"info","message":"App started at port 9000","service":"auth-service","timestamp":"2025-08-08T12:31:07.260Z"}
{"level":"info","message":"App started at port 9000","service":"auth-service","timestamp":"2025-08-08T12:31:14.789Z"}
{"level":"info","message":"App started at port 9000","service":"auth-service","timestamp":"2025-08-08T12:31:43.032Z"}
{"level":"info","message":"App started at port 9000","service":"auth-service","timestamp":"2025-08-08T12:31:57.112Z"}
{"level":"info","message":"App started at port 9000","service":"auth-service","timestamp":"2025-08-08T12:32:02.538Z"}
{"level":"info","message":"App started at port 9000","service":"auth-service","timestamp":"2025-08-08T12:32:03.708Z"}
{"level":"info","message":"App started at port 9000","service":"auth-service","timestamp":"2025-08-08T12:32:04.925Z"}
{"level":"info","message":"App started at port 9000","service":"auth-service","timestamp":"2025-08-08T12:32:07.929Z"}
{"level":"info","message":"App started at port 9000","service":"auth-service","timestamp":"2025-08-08T12:32:23.641Z"}
{"level":"info","message":"App started at port 9000","service":"auth-service","timestamp":"2025-08-08T12:32:24.965Z"}
{"level":"info","message":"App started at port 9000","service":"auth-service","timestamp":"2025-08-08T12:32:25.791Z"}
{"level":"info","message":"App started at port 9000","service":"auth-service","timestamp":"2025-08-08T12:33:12.532Z"}
{"level":"info","message":"App started at port 9000","service":"auth-service","timestamp":"2025-08-08T12:33:18.417Z"}
{"level":"info","message":"App started at port 9000","service":"auth-service","timestamp":"2025-08-08T12:40:18.643Z"}
{"level":"info","message":"App started at port 9000","service":"auth-service","timestamp":"2025-08-08T12:40:29.773Z"}
{"level":"info","message":"App started at port 9000","service":"auth-service","timestamp":"2025-08-08T12:43:29.059Z"}
{"level":"info","message":"App started at port 9000","service":"auth-service","timestamp":"2025-08-08T13:07:33.469Z"}
{"level":"info","message":"App started at port 9000","service":"auth-service","timestamp":"2025-08-08T13:07:59.428Z"}
{"level":"info","message":"request from /v1/auth/register having a method of POST","service":"auth-service","timestamp":"2025-08-08T13:09:00.167Z"}
{"level":"info","message":"App started at port 9000","service":"auth-service","timestamp":"2025-08-08T13:09:24.692Z"}
{"level":"info","message":"App started at port 9000","service":"auth-service","timestamp":"2025-08-08T13:09:28.108Z"}
{"level":"info","message":"App started at port 9000","service":"auth-service","timestamp":"2025-08-08T13:09:30.475Z"}
{"level":"info","message":"request from /v1/auth/register having a method of POST","service":"auth-service","timestamp":"2025-08-08T13:09:40.817Z"}
{"level":"info","message":"request from /v1/auth/register having a method of POST","service":"auth-service","timestamp":"2025-08-08T13:09:56.893Z"}
{"level":"info","message":"App started at port 9000","service":"auth-service","timestamp":"2025-08-08T13:10:15.002Z"}
{"level":"info","message":"App started at port 9000","service":"auth-service","timestamp":"2025-08-08T13:10:20.163Z"}
{"level":"info","message":"request from /v1/auth/register having a method of POST","service":"auth-service","timestamp":"2025-08-08T13:10:23.938Z"}
{"level":"info","message":"App started at port 9000","service":"auth-service","timestamp":"2025-08-08T13:10:54.876Z"}
{"level":"info","message":"App started at port 9000","service":"auth-service","timestamp":"2025-08-08T13:11:00.086Z"}
{"level":"info","message":"request from /v1/auth/register having a method of POST","service":"auth-service","timestamp":"2025-08-08T13:11:04.691Z"}
{"level":"info","message":"App started at port 9000","service":"auth-service","timestamp":"2025-08-08T13:11:16.368Z"}
{"level":"info","message":"request from /v1/auth/register having a method of POST","service":"auth-service","timestamp":"2025-08-08T13:11:19.616Z"}
{"level":"info","message":"request from /v1/auth/register having a method of POST","service":"auth-service","timestamp":"2025-08-08T13:11:53.461Z"}
{"level":"info","message":"request from /v1/auth/register having a method of POST","service":"auth-service","timestamp":"2025-08-08T13:12:05.638Z"}
{"level":"info","message":"request from /v1/auth/register having a method of POST","service":"auth-service","timestamp":"2025-08-08T13:12:48.002Z"}
{"level":"info","message":"request from /v1/auth/register having a method of POST","service":"auth-service","timestamp":"2025-08-08T13:13:00.189Z"}
{"level":"info","message":"request from /v1/auth/register having a method of POST","service":"auth-service","timestamp":"2025-08-08T13:20:21.755Z"}
{"level":"info","message":"request from /v1/auth/register having a method of POST","service":"auth-service","timestamp":"2025-08-08T13:20:52.624Z"}
{"level":"info","message":"request from /v1/auth/register having a method of POST","service":"auth-service","timestamp":"2025-08-08T13:20:53.861Z"}
{"level":"info","message":"request from /v1/auth/register having a method of POST","service":"auth-service","timestamp":"2025-08-08T13:20:54.836Z"}
{"level":"info","message":"request from /v1/auth/register having a method of POST","service":"auth-service","timestamp":"2025-08-08T13:20:56.035Z"}
{"level":"info","message":"request from /v1/auth/register having a method of POST","service":"auth-service","timestamp":"2025-08-08T13:20:56.856Z"}
{"level":"info","message":"request from /v1/auth/register having a method of POST","service":"auth-service","timestamp":"2025-08-08T13:20:57.739Z"}
{"level":"info","message":"request from /v1/auth/register having a method of POST","service":"auth-service","timestamp":"2025-08-08T13:20:58.212Z"}
{"level":"info","message":"request from /v1/auth/register having a method of POST","service":"auth-service","timestamp":"2025-08-08T13:21:06.594Z"}
{"level":"info","message":"request from /v1/auth/register having a method of POST","service":"auth-service","timestamp":"2025-08-08T13:26:21.751Z"}
{"level":"info","message":"request from /v1/auth/register having a method of POST","service":"auth-service","timestamp":"2025-08-08T13:26:27.584Z"}
{"level":"info","message":"request from /v1/auth/register having a method of POST","service":"auth-service","timestamp":"2025-08-08T13:27:17.341Z"}
{"level":"info","message":"request from /v1/auth/register having a method of POST","service":"auth-service","timestamp":"2025-08-08T13:29:11.151Z"}
{"level":"info","message":"request from /v1/auth/register having a method of POST","service":"auth-service","timestamp":"2025-08-08T13:31:33.932Z"}
{"level":"info","message":"request from /v1/auth/register having a method of POST","service":"auth-service","timestamp":"2025-08-08T13:33:07.914Z"}
{"level":"info","message":"request from /v1/auth/register having a method of POST","service":"auth-service","timestamp":"2025-08-08T13:33:42.000Z"}
{"level":"info","message":"request from /v1/auth/register having a method of POST","service":"auth-service","timestamp":"2025-08-08T13:34:45.105Z"}
{"level":"info","message":"request from /v1/auth/register having a method of POST","service":"auth-service","timestamp":"2025-08-08T13:34:53.110Z"}
{"level":"info","message":"request from /v1/auth/register having a method of POST","service":"auth-service","timestamp":"2025-08-08T13:35:00.831Z"}
{"level":"info","message":"request from / having a method of GET","service":"auth-service","timestamp":"2025-08-22T01:04:13.652Z"}
{"level":"info","message":"request from /vi1/auth having a method of GET","service":"auth-service","timestamp":"2025-08-22T01:04:39.781Z"}
{"level":"info","message":"request from /vi1/auth/register having a method of GET","service":"auth-service","timestamp":"2025-08-22T01:04:47.605Z"}
{"level":"info","message":"request from /vi1/auth/register having a method of POST","service":"auth-service","timestamp":"2025-08-22T01:04:54.016Z"}
{"level":"info","message":"request from /v1/auth/register having a method of POST","service":"auth-service","timestamp":"2025-08-22T01:05:03.176Z"}
{"level":"error","message":"SyntaxError: Expected double-quoted property name in JSON at position 26 (line 4 column 1)\n    at JSON.parse (<anonymous>)\n    at parse (/Users/home/Desktop/projects/social-media-microservices/api-gate-way/node_modules/body-parser/lib/types/json.js:77:19)\n    at /Users/home/Desktop/projects/social-media-microservices/api-gate-way/node_modules/body-parser/lib/read.js:123:18\n    at AsyncResource.runInAsyncScope (node:async_hooks:214:14)\n    at invokeCallback (/Users/home/Desktop/projects/social-media-microservices/api-gate-way/node_modules/raw-body/index.js:238:16)\n    at done (/Users/home/Desktop/projects/social-media-microservices/api-gate-way/node_modules/raw-body/index.js:227:7)\n    at IncomingMessage.onEnd (/Users/home/Desktop/projects/social-media-microservices/api-gate-way/node_modules/raw-body/index.js:287:7)\n    at IncomingMessage.emit (node:events:507:28)\n    at IncomingMessage.emit (node:domain:489:12)\n    at endReadableNT (node:internal/streams/readable:1696:12)","service":"auth-service","timestamp":"2025-08-22T01:05:41.933Z"}
{"level":"info","message":"request from /v1/auth/register having a method of POST","service":"auth-service","timestamp":"2025-08-22T01:05:49.138Z"}
{"level":"info","message":"request from /v1/auth/register having a method of POST","service":"auth-service","timestamp":"2025-08-22T01:06:14.465Z"}
{"level":"info","message":"request from /v1/auth/register having a method of POST","service":"auth-service","timestamp":"2025-08-22T01:06:23.056Z"}
{"level":"info","message":"request from /v1/auth/register having a method of POST","service":"auth-service","timestamp":"2025-08-22T01:06:31.802Z"}
{"level":"info","message":"request from /v1/auth/login having a method of POST","service":"auth-service","timestamp":"2025-08-22T01:07:21.520Z"}
{"level":"info","message":"request from /v1/auth/login having a method of POST","service":"auth-service","timestamp":"2025-08-22T01:07:32.829Z"}
{"level":"info","message":"App started at port 9000","service":"auth-service","timestamp":"2025-08-25T01:11:59.438Z"}
{"level":"info","message":"App started at port 9000","service":"auth-service","timestamp":"2025-08-25T01:12:10.650Z"}
{"level":"info","message":"App started at port 9000","service":"auth-service","timestamp":"2025-08-25T01:12:16.993Z"}
{"level":"info","message":"App started at port 9000","service":"auth-service","timestamp":"2025-08-25T01:12:17.831Z"}
{"level":"info","message":"App started at port 9000","service":"auth-service","timestamp":"2025-08-25T01:12:18.829Z"}
{"level":"info","message":"App started at port 9000","service":"auth-service","timestamp":"2025-08-25T01:12:21.002Z"}
{"level":"info","message":"App started at port 9000","service":"auth-service","timestamp":"2025-08-25T01:12:23.523Z"}
{"level":"info","message":"App started at port 9000","service":"auth-service","timestamp":"2025-08-25T01:12:28.714Z"}
{"level":"info","message":"App started at port 9000","service":"auth-service","timestamp":"2025-08-25T01:12:29.632Z"}
{"level":"info","message":"App started at port 9000","service":"auth-service","timestamp":"2025-08-25T01:12:31.095Z"}
{"level":"info","message":"App started at port 9000","service":"auth-service","timestamp":"2025-08-25T01:12:33.915Z"}
{"level":"info","message":"App started at port 9000","service":"auth-service","timestamp":"2025-08-25T01:12:36.198Z"}
{"level":"info","message":"App started at port 9000","service":"auth-service","timestamp":"2025-08-25T01:12:39.112Z"}
{"level":"info","message":"App started at port 9000","service":"auth-service","timestamp":"2025-08-25T01:12:42.282Z"}
{"level":"info","message":"App started at port 9000","service":"auth-service","timestamp":"2025-08-25T01:12:45.173Z"}
{"level":"info","message":"App started at port 9000","service":"auth-service","timestamp":"2025-08-25T01:12:50.112Z"}
{"level":"info","message":"App started at port 9000","service":"auth-service","timestamp":"2025-08-25T01:12:52.447Z"}
{"level":"info","message":"App started at port 9000","service":"auth-service","timestamp":"2025-08-25T01:12:56.472Z"}
{"level":"info","message":"App started at port 9000","service":"auth-service","timestamp":"2025-08-25T01:12:57.470Z"}
{"level":"info","message":"App started at port 9000","service":"auth-service","timestamp":"2025-08-25T01:13:05.882Z"}
{"level":"info","message":"App started at port 9000","service":"auth-service","timestamp":"2025-08-25T01:13:09.978Z"}
{"level":"info","message":"App started at port 9000","service":"auth-service","timestamp":"2025-08-25T01:13:12.727Z"}
{"level":"info","message":"App started at port 9000","service":"auth-service","timestamp":"2025-08-25T01:13:16.307Z"}
{"level":"info","message":"App started at port 9000","service":"auth-service","timestamp":"2025-08-25T01:13:18.371Z"}
{"level":"info","message":"App started at port 9000","service":"auth-service","timestamp":"2025-08-25T01:13:21.923Z"}
{"level":"info","message":"App started at port 9000","service":"auth-service","timestamp":"2025-08-25T01:13:26.190Z"}
{"level":"info","message":"App started at port 9000","service":"auth-service","timestamp":"2025-08-25T01:13:28.130Z"}
{"level":"info","message":"App started at port 9000","service":"auth-service","timestamp":"2025-08-25T01:13:29.306Z"}
{"level":"info","message":"App started at port 9000","service":"auth-service","timestamp":"2025-08-25T01:13:32.434Z"}
{"level":"info","message":"App started at port 9000","service":"auth-service","timestamp":"2025-08-25T01:13:34.273Z"}
{"level":"info","message":"App started at port 9000","service":"auth-service","timestamp":"2025-08-25T01:13:35.630Z"}
{"level":"info","message":"App started at port 9000","service":"auth-service","timestamp":"2025-08-25T01:13:37.121Z"}
{"level":"info","message":"App started at port 9000","service":"auth-service","timestamp":"2025-08-25T01:13:39.658Z"}
{"level":"info","message":"App started at port 9000","service":"auth-service","timestamp":"2025-08-25T01:13:41.794Z"}
{"level":"info","message":"App started at port 9000","service":"auth-service","timestamp":"2025-08-25T01:13:56.696Z"}
{"level":"info","message":"App started at port 9000","service":"auth-service","timestamp":"2025-08-25T01:13:59.443Z"}
{"level":"info","message":"App started at port 9000","service":"auth-service","timestamp":"2025-08-25T01:14:02.958Z"}
{"level":"info","message":"App started at port 9000","service":"auth-service","timestamp":"2025-08-25T01:14:05.070Z"}
{"level":"info","message":"App started at port 9000","service":"auth-service","timestamp":"2025-08-25T01:14:06.653Z"}
{"level":"info","message":"App started at port 9000","service":"auth-service","timestamp":"2025-08-25T01:14:12.916Z"}
{"level":"info","message":"App started at port 9000","service":"auth-service","timestamp":"2025-08-25T01:14:15.780Z"}
{"level":"info","message":"App started at port 9000","service":"auth-service","timestamp":"2025-08-25T01:14:18.429Z"}
{"level":"info","message":"App started at port 9000","service":"auth-service","timestamp":"2025-08-25T01:14:19.831Z"}
{"level":"info","message":"App started at port 9000","service":"auth-service","timestamp":"2025-08-25T01:14:24.152Z"}
{"level":"info","message":"App started at port 9000","service":"auth-service","timestamp":"2025-08-25T01:14:26.980Z"}
{"level":"info","message":"App started at port 9000","service":"auth-service","timestamp":"2025-08-25T01:14:28.846Z"}
{"level":"info","message":"App started at port 9000","service":"auth-service","timestamp":"2025-08-25T01:14:39.277Z"}
{"level":"info","message":"App started at port 9000","service":"auth-service","timestamp":"2025-08-25T01:14:42.279Z"}
{"level":"info","message":"App started at port 9000","service":"auth-service","timestamp":"2025-08-25T01:14:44.485Z"}
{"level":"info","message":"App started at port 9000","service":"auth-service","timestamp":"2025-08-25T01:14:50.192Z"}
{"level":"info","message":"App started at port 9000","service":"auth-service","timestamp":"2025-08-25T01:14:51.274Z"}
{"level":"info","message":"App started at port 9000","service":"auth-service","timestamp":"2025-08-25T01:14:52.703Z"}
{"level":"info","message":"App started at port 9000","service":"auth-service","timestamp":"2025-08-25T01:14:56.835Z"}
{"level":"info","message":"App started at port 9000","service":"auth-service","timestamp":"2025-08-25T01:15:01.144Z"}
{"level":"info","message":"App started at port 9000","service":"auth-service","timestamp":"2025-08-25T01:15:06.523Z"}
{"level":"info","message":"App started at port 9000","service":"auth-service","timestamp":"2025-08-25T01:15:08.894Z"}
{"level":"info","message":"App started at port 9000","service":"auth-service","timestamp":"2025-08-25T01:15:13.316Z"}
{"level":"info","message":"App started at port 9000","service":"auth-service","timestamp":"2025-08-25T01:15:18.584Z"}
{"level":"info","message":"App started at port 9000","service":"auth-service","timestamp":"2025-08-25T01:15:22.513Z"}
{"level":"info","message":"App started at port 9000","service":"auth-service","timestamp":"2025-08-25T01:15:24.519Z"}
{"level":"info","message":"App started at port 9000","service":"auth-service","timestamp":"2025-08-25T01:15:26.206Z"}
{"level":"info","message":"App started at port 9000","service":"auth-service","timestamp":"2025-08-25T01:15:29.666Z"}
{"level":"info","message":"App started at port 9000","service":"auth-service","timestamp":"2025-08-25T01:15:30.880Z"}
{"level":"info","message":"App started at port 9000","service":"auth-service","timestamp":"2025-08-25T01:15:32.761Z"}
{"level":"info","message":"App started at port 9000","service":"auth-service","timestamp":"2025-08-25T01:15:35.297Z"}
{"level":"info","message":"App started at port 9000","service":"auth-service","timestamp":"2025-08-25T01:15:39.263Z"}
{"level":"info","message":"App started at port 9000","service":"auth-service","timestamp":"2025-08-25T01:15:43.257Z"}
{"level":"info","message":"App started at port 9000","service":"auth-service","timestamp":"2025-08-25T01:15:45.366Z"}
{"level":"info","message":"App started at port 9000","service":"auth-service","timestamp":"2025-08-25T01:15:47.523Z"}
{"level":"info","message":"App started at port 9000","service":"auth-service","timestamp":"2025-08-25T01:15:48.248Z"}
{"level":"info","message":"App started at port 9000","service":"auth-service","timestamp":"2025-08-25T01:15:49.239Z"}
{"level":"info","message":"App started at port 9000","service":"auth-service","timestamp":"2025-08-25T01:15:50.389Z"}
{"level":"info","message":"App started at port 9000","service":"auth-service","timestamp":"2025-08-25T01:15:51.077Z"}
{"level":"info","message":"App started at port 9000","service":"auth-service","timestamp":"2025-08-25T01:15:53.509Z"}
{"level":"info","message":"App started at port 9000","service":"auth-service","timestamp":"2025-08-25T01:15:54.811Z"}
{"level":"info","message":"App started at port 9000","service":"auth-service","timestamp":"2025-08-25T01:15:59.383Z"}
{"level":"info","message":"App started at port 9000","service":"auth-service","timestamp":"2025-08-25T01:16:01.690Z"}
{"level":"info","message":"App started at port 9000","service":"auth-service","timestamp":"2025-08-25T01:16:05.207Z"}
{"level":"info","message":"App started at port 9000","service":"auth-service","timestamp":"2025-08-25T01:16:06.083Z"}
{"level":"info","message":"App started at port 9000","service":"auth-service","timestamp":"2025-08-25T01:16:09.205Z"}
{"level":"info","message":"App started at port 9000","service":"auth-service","timestamp":"2025-08-25T01:16:14.561Z"}
{"level":"info","message":"App started at port 9000","service":"auth-service","timestamp":"2025-08-25T01:16:19.742Z"}
{"level":"info","message":"App started at port 9000","service":"auth-service","timestamp":"2025-08-25T01:16:20.780Z"}
{"level":"info","message":"App started at port 9000","service":"auth-service","timestamp":"2025-08-25T01:16:23.849Z"}
{"level":"info","message":"App started at port 9000","service":"auth-service","timestamp":"2025-08-25T01:16:26.210Z"}
{"level":"info","message":"App started at port 9000","service":"auth-service","timestamp":"2025-08-25T01:16:27.568Z"}
{"level":"info","message":"App started at port 9000","service":"auth-service","timestamp":"2025-08-25T01:16:31.488Z"}
{"level":"info","message":"App started at port 9000","service":"auth-service","timestamp":"2025-08-25T01:16:38.174Z"}
{"level":"info","message":"App started at port 9000","service":"auth-service","timestamp":"2025-08-25T01:16:39.370Z"}
{"level":"info","message":"App started at port 9000","service":"auth-service","timestamp":"2025-08-25T01:16:41.418Z"}
{"level":"info","message":"App started at port 9000","service":"auth-service","timestamp":"2025-08-25T01:16:42.837Z"}
{"level":"info","message":"App started at port 9000","service":"auth-service","timestamp":"2025-08-25T01:16:43.695Z"}
{"level":"info","message":"App started at port 9000","service":"auth-service","timestamp":"2025-08-25T01:16:46.735Z"}
{"level":"info","message":"App started at port 9000","service":"auth-service","timestamp":"2025-08-25T01:16:50.094Z"}
{"level":"info","message":"App started at port 9000","service":"auth-service","timestamp":"2025-08-25T01:16:51.070Z"}
{"level":"info","message":"App started at port 9000","service":"auth-service","timestamp":"2025-08-25T01:16:53.240Z"}
{"level":"info","message":"App started at port 9000","service":"auth-service","timestamp":"2025-08-25T01:16:57.292Z"}
{"level":"info","message":"App started at port 9000","service":"auth-service","timestamp":"2025-08-25T01:17:00.827Z"}
{"level":"info","message":"App started at port 9000","service":"auth-service","timestamp":"2025-08-25T01:17:04.537Z"}
{"level":"info","message":"App started at port 9000","service":"auth-service","timestamp":"2025-08-25T01:17:09.819Z"}
{"level":"info","message":"App started at port 9000","service":"auth-service","timestamp":"2025-08-25T01:17:14.856Z"}
{"level":"info","message":"App started at port 9000","service":"auth-service","timestamp":"2025-08-25T01:17:18.905Z"}
{"level":"info","message":"App started at port 9000","service":"auth-service","timestamp":"2025-08-25T01:17:22.848Z"}
{"level":"info","message":"App started at port 9000","service":"auth-service","timestamp":"2025-08-25T01:17:28.837Z"}
{"level":"info","message":"App started at port 9000","service":"auth-service","timestamp":"2025-08-25T01:17:32.097Z"}
{"level":"info","message":"App started at port 9000","service":"auth-service","timestamp":"2025-08-25T01:17:39.733Z"}
{"level":"info","message":"App started at port 9000","service":"auth-service","timestamp":"2025-08-25T01:17:40.587Z"}
{"level":"info","message":"App started at port 9000","service":"auth-service","timestamp":"2025-08-25T01:17:41.721Z"}
{"level":"info","message":"App started at port 9000","service":"auth-service","timestamp":"2025-08-25T01:17:46.786Z"}
{"level":"info","message":"App started at port 9000","service":"auth-service","timestamp":"2025-08-25T01:19:02.084Z"}
{"level":"info","message":"App started at port 9000","service":"auth-service","timestamp":"2025-08-25T01:19:04.162Z"}
{"level":"info","message":"App started at port 9000","service":"auth-service","timestamp":"2025-08-25T01:19:06.531Z"}
{"level":"info","message":"App started at port 9000","service":"auth-service","timestamp":"2025-08-25T01:19:09.938Z"}
{"level":"info","message":"App started at port 9000","service":"auth-service","timestamp":"2025-08-25T01:19:11.109Z"}
{"level":"info","message":"App started at port 9000","service":"auth-service","timestamp":"2025-08-25T01:19:11.927Z"}
{"level":"info","message":"App started at port 9000","service":"auth-service","timestamp":"2025-08-25T01:19:13.030Z"}
{"level":"info","message":"App started at port 9000","service":"auth-service","timestamp":"2025-08-25T01:19:15.458Z"}
{"level":"info","message":"App started at port 9000","service":"auth-service","timestamp":"2025-08-25T01:21:58.587Z"}
{"level":"info","message":"App started at port 9000","service":"auth-service","timestamp":"2025-08-25T01:21:59.382Z"}
{"level":"info","message":"App started at port 9000","service":"auth-service","timestamp":"2025-08-25T01:22:00.476Z"}
{"level":"info","message":"App started at port 9000","service":"auth-service","timestamp":"2025-08-25T01:22:03.748Z"}
{"level":"info","message":"App started at port 9000","service":"auth-service","timestamp":"2025-08-25T01:22:05.675Z"}
{"level":"info","message":"App started at port 9000","service":"auth-service","timestamp":"2025-08-25T01:22:13.755Z"}
{"level":"info","message":"App started at port 9000","service":"auth-service","timestamp":"2025-08-25T01:22:21.866Z"}
{"level":"info","message":"App started at port 9000","service":"auth-service","timestamp":"2025-08-25T01:22:31.605Z"}
{"level":"info","message":"App started at port 9000","service":"auth-service","timestamp":"2025-08-25T01:22:33.543Z"}
{"level":"info","message":"App started at port 9000","service":"auth-service","timestamp":"2025-08-25T01:22:36.201Z"}
{"level":"info","message":"App started at port 9000","service":"auth-service","timestamp":"2025-08-25T01:22:37.513Z"}
{"level":"info","message":"App started at port 9000","service":"auth-service","timestamp":"2025-08-25T01:22:38.561Z"}
{"level":"info","message":"App started at port 9000","service":"auth-service","timestamp":"2025-08-25T01:22:41.035Z"}
{"level":"info","message":"App started at port 9000","service":"auth-service","timestamp":"2025-08-25T01:22:42.459Z"}
{"level":"info","message":"App started at port 9000","service":"auth-service","timestamp":"2025-08-25T01:22:47.570Z"}
{"level":"info","message":"App started at port 9000","service":"auth-service","timestamp":"2025-08-25T01:22:48.536Z"}
{"level":"info","message":"App started at port 9000","service":"auth-service","timestamp":"2025-08-25T01:22:57.255Z"}
{"level":"info","message":"App started at port 9000","service":"auth-service","timestamp":"2025-08-25T01:22:58.496Z"}
{"level":"info","message":"App started at port 9000","service":"auth-service","timestamp":"2025-08-25T01:23:01.698Z"}
{"level":"info","message":"App started at port 9000","service":"auth-service","timestamp":"2025-08-25T01:23:08.853Z"}
{"level":"info","message":"App started at port 9000","service":"auth-service","timestamp":"2025-08-25T01:23:11.364Z"}
{"level":"info","message":"App started at port 9000","service":"auth-service","timestamp":"2025-08-25T01:23:15.393Z"}
{"level":"info","message":"App started at port 9000","service":"auth-service","timestamp":"2025-08-25T01:23:17.578Z"}
{"level":"info","message":"App started at port 9000","service":"auth-service","timestamp":"2025-08-25T01:23:19.646Z"}
{"level":"info","message":"App started at port 9000","service":"auth-service","timestamp":"2025-08-25T01:23:22.279Z"}
{"level":"info","message":"App started at port 9000","service":"auth-service","timestamp":"2025-08-25T01:23:23.966Z"}
{"level":"info","message":"App started at port 9000","service":"auth-service","timestamp":"2025-08-25T01:23:25.590Z"}
{"level":"info","message":"App started at port 9000","service":"auth-service","timestamp":"2025-08-25T01:23:27.982Z"}
{"level":"info","message":"App started at port 9000","service":"auth-service","timestamp":"2025-08-25T01:23:29.969Z"}
{"level":"info","message":"App started at port 9000","service":"auth-service","timestamp":"2025-08-25T01:23:32.006Z"}
{"level":"info","message":"App started at port 9000","service":"auth-service","timestamp":"2025-08-25T01:23:36.034Z"}
{"level":"info","message":"App started at port 9000","service":"auth-service","timestamp":"2025-08-25T01:23:38.122Z"}
{"level":"info","message":"App started at port 9000","service":"auth-service","timestamp":"2025-08-25T01:23:40.777Z"}
{"level":"info","message":"App started at port 9000","service":"auth-service","timestamp":"2025-08-25T01:23:41.640Z"}
{"level":"info","message":"App started at port 9000","service":"auth-service","timestamp":"2025-08-25T01:23:42.609Z"}
{"level":"info","message":"App started at port 9000","service":"auth-service","timestamp":"2025-08-25T01:23:46.809Z"}
{"level":"info","message":"App started at port 9000","service":"auth-service","timestamp":"2025-08-25T01:24:55.362Z"}
{"level":"info","message":"App started at port 9000","service":"auth-service","timestamp":"2025-08-25T01:25:10.972Z"}
{"level":"info","message":"App started at port 9000","service":"auth-service","timestamp":"2025-08-25T01:25:12.487Z"}
{"level":"info","message":"App started at port 9000","service":"auth-service","timestamp":"2025-08-25T01:25:25.425Z"}
{"level":"info","message":"App started at port 9000","service":"auth-service","timestamp":"2025-08-25T01:25:26.447Z"}
{"level":"info","message":"App started at port 9000","service":"auth-service","timestamp":"2025-08-25T01:26:17.866Z"}
{"level":"info","message":"App started at port 9000","service":"auth-service","timestamp":"2025-08-25T01:26:21.865Z"}
{"level":"info","message":"App started at port 9000","service":"auth-service","timestamp":"2025-08-25T01:26:23.806Z"}
{"level":"info","message":"App started at port 9000","service":"auth-service","timestamp":"2025-08-25T01:26:25.232Z"}
{"level":"info","message":"App started at port 9000","service":"auth-service","timestamp":"2025-08-25T01:26:26.050Z"}
{"level":"info","message":"App started at port 9000","service":"auth-service","timestamp":"2025-08-25T01:26:27.729Z"}
{"level":"info","message":"App started at port 9000","service":"auth-service","timestamp":"2025-08-25T01:26:28.607Z"}
{"level":"info","message":"App started at port 9000","service":"auth-service","timestamp":"2025-08-25T01:26:31.498Z"}
{"level":"info","message":"App started at port 9000","service":"auth-service","timestamp":"2025-08-25T01:26:51.712Z"}
{"level":"info","message":"App started at port 9000","service":"auth-service","timestamp":"2025-08-25T01:26:58.717Z"}
{"level":"info","message":"App started at port 9000","service":"auth-service","timestamp":"2025-08-25T01:27:00.634Z"}
{"level":"info","message":"App started at port 9000","service":"auth-service","timestamp":"2025-08-25T01:27:02.879Z"}
{"level":"info","message":"App started at port 9000","service":"auth-service","timestamp":"2025-08-25T01:27:32.178Z"}
{"level":"info","message":"App started at port 9000","service":"auth-service","timestamp":"2025-08-25T01:28:26.377Z"}
{"level":"info","message":"App started at port 9000","service":"auth-service","timestamp":"2025-08-25T01:28:28.599Z"}
{"level":"info","message":"App started at port 9000","service":"auth-service","timestamp":"2025-08-25T01:28:29.928Z"}
{"level":"info","message":"App started at port 9000","service":"auth-service","timestamp":"2025-08-25T01:29:32.755Z"}
{"level":"info","message":"App started at port 9000","service":"auth-service","timestamp":"2025-08-25T01:29:33.741Z"}
{"level":"info","message":"App started at port 9000","service":"auth-service","timestamp":"2025-08-25T01:29:35.434Z"}
{"level":"info","message":"App started at port 9000","service":"auth-service","timestamp":"2025-08-25T01:29:38.327Z"}
{"level":"info","message":"App started at port 9000","service":"auth-service","timestamp":"2025-08-25T01:29:40.832Z"}
{"level":"info","message":"App started at port 9000","service":"auth-service","timestamp":"2025-08-25T01:29:44.660Z"}
{"level":"info","message":"App started at port 9000","service":"auth-service","timestamp":"2025-08-25T01:29:45.414Z"}
{"level":"info","message":"App started at port 9000","service":"auth-service","timestamp":"2025-08-25T01:29:53.823Z"}
{"level":"info","message":"App started at port 9000","service":"auth-service","timestamp":"2025-08-25T01:29:56.193Z"}
{"level":"info","message":"App started at port 9000","service":"auth-service","timestamp":"2025-08-25T01:30:00.195Z"}
{"level":"info","message":"App started at port 9000","service":"auth-service","timestamp":"2025-08-25T01:30:02.922Z"}
{"level":"info","message":"App started at port 9000","service":"auth-service","timestamp":"2025-08-25T01:30:36.292Z"}
{"level":"info","message":"App started at port 9000","service":"auth-service","timestamp":"2025-08-25T01:31:30.888Z"}
{"level":"info","message":"App started at port 9000","service":"auth-service","timestamp":"2025-08-25T01:31:36.083Z"}
{"level":"info","message":"App started at port 9000","service":"auth-service","timestamp":"2025-08-25T01:31:37.210Z"}
{"level":"info","message":"App started at port 9000","service":"auth-service","timestamp":"2025-08-25T01:31:54.254Z"}
{"level":"info","message":"App started at port 9000","service":"auth-service","timestamp":"2025-08-25T01:58:36.509Z"}
{"level":"info","message":"App started at port 9000","service":"auth-service","timestamp":"2025-08-25T01:58:41.166Z"}
{"level":"info","message":"App started at port 9000","service":"auth-service","timestamp":"2025-08-25T02:00:23.561Z"}
{"level":"info","message":"App started at port 9000","service":"auth-service","timestamp":"2025-08-25T02:01:36.962Z"}
{"level":"info","message":"App started at port 9000","service":"auth-service","timestamp":"2025-08-25T02:01:44.931Z"}
{"level":"info","message":"App started at port 9000","service":"auth-service","timestamp":"2025-08-25T02:01:46.190Z"}
{"level":"info","message":"App started at port 9000","service":"auth-service","timestamp":"2025-08-25T02:01:48.054Z"}
{"level":"info","message":"App started at port 9000","service":"auth-service","timestamp":"2025-08-25T02:15:10.250Z"}
{"level":"info","message":"App started at port 9000","service":"auth-service","timestamp":"2025-08-25T02:15:46.068Z"}
{"level":"info","message":"App started at port 9000","service":"auth-service","timestamp":"2025-08-25T02:15:46.068Z"}
{"level":"info","message":"App started at port 9000","service":"auth-service","timestamp":"2025-08-25T02:16:10.119Z"}
{"level":"info","message":"App started at port 9000","service":"auth-service","timestamp":"2025-08-25T02:16:10.119Z"}
{"level":"info","message":"App started at port 9000","service":"auth-service","timestamp":"2025-08-25T02:16:13.867Z"}
{"level":"info","message":"App started at port 9000","service":"auth-service","timestamp":"2025-08-25T02:16:13.876Z"}
{"level":"info","message":"App started at port 9000","service":"auth-service","timestamp":"2025-08-25T02:16:16.226Z"}
{"level":"info","message":"App started at port 9000","service":"auth-service","timestamp":"2025-08-25T02:16:17.618Z"}
{"level":"info","message":"App started at port 9000","service":"auth-service","timestamp":"2025-08-25T02:16:17.741Z"}
{"level":"info","message":"App started at port 9000","service":"auth-service","timestamp":"2025-08-25T02:16:18.985Z"}
{"level":"info","message":"App started at port 9000","service":"auth-service","timestamp":"2025-08-25T02:16:19.069Z"}
{"level":"info","message":"request from /v1/post having a method of POST","service":"auth-service","timestamp":"2025-08-25T02:16:58.420Z"}
{"level":"info","message":"Attempt to login with oout a token","service":"auth-service","timestamp":"2025-08-25T02:16:58.421Z"}
{"level":"info","message":"App started at port 9000","service":"auth-service","timestamp":"2025-08-25T02:18:45.097Z"}
{"level":"info","message":"App started at port 9000","service":"auth-service","timestamp":"2025-08-25T02:18:45.100Z"}
{"level":"info","message":"request from /v1/post having a method of POST","service":"auth-service","timestamp":"2025-08-25T02:18:52.475Z"}
{"level":"info","message":"Attempt to login with oout a token","service":"auth-service","timestamp":"2025-08-25T02:18:52.476Z"}
{"level":"info","message":"request from /v1/auth having a method of POST","service":"auth-service","timestamp":"2025-08-25T02:19:44.174Z"}
{"level":"info","message":"request from /v1/auth/login having a method of POST","service":"auth-service","timestamp":"2025-08-25T02:19:58.071Z"}
{"level":"info","message":"request from /v1/auth/register having a method of POST","service":"auth-service","timestamp":"2025-08-25T02:21:26.084Z"}
{"level":"info","message":"request from /v1/auth/register having a method of POST","service":"auth-service","timestamp":"2025-08-25T02:21:43.850Z"}
{"level":"info","message":"request from /v1/auth/register having a method of POST","service":"auth-service","timestamp":"2025-08-25T02:21:53.749Z"}
{"level":"info","message":"request from /v1/auth/register having a method of POST","service":"auth-service","timestamp":"2025-08-25T02:21:55.522Z"}
{"level":"info","message":"request from /v1/auth/register having a method of POST","service":"auth-service","timestamp":"2025-08-25T02:22:06.130Z"}
{"level":"info","message":"request from /v1/auth/login having a method of POST","service":"auth-service","timestamp":"2025-08-25T02:22:26.918Z"}
{"level":"info","message":"request from /v1/auth/login having a method of POST","service":"auth-service","timestamp":"2025-08-25T02:22:31.930Z"}
{"level":"info","message":"request from /v1/auth/login having a method of POST","service":"auth-service","timestamp":"2025-08-25T02:22:45.867Z"}
{"level":"info","message":"request from /v1/post having a method of POST","service":"auth-service","timestamp":"2025-08-25T02:23:19.790Z"}
{"level":"error","message":"JsonWebTokenError: invalid token\n    at Object.module.exports [as verify] (/Users/home/Desktop/projects/social-media-microservices/api-gate-way/node_modules/jsonwebtoken/verify.js:82:17)\n    at validateTokenMiddleware (/Users/home/Desktop/projects/social-media-microservices/api-gate-way/src/middleware/authMiddleware.ts:22:32)\n    at Layer.handleRequest (/Users/home/Desktop/projects/social-media-microservices/api-gate-way/node_modules/router/lib/layer.js:152:17)\n    at trimPrefix (/Users/home/Desktop/projects/social-media-microservices/api-gate-way/node_modules/router/index.js:342:13)\n    at /Users/home/Desktop/projects/social-media-microservices/api-gate-way/node_modules/router/index.js:297:9\n    at processParams (/Users/home/Desktop/projects/social-media-microservices/api-gate-way/node_modules/router/index.js:582:12)\n    at next (/Users/home/Desktop/projects/social-media-microservices/api-gate-way/node_modules/router/index.js:291:5)\n    at /Users/home/Desktop/projects/social-media-microservices/api-gate-way/src/server.ts:24:5\n    at Layer.handleRequest (/Users/home/Desktop/projects/social-media-microservices/api-gate-way/node_modules/router/lib/layer.js:152:17)\n    at trimPrefix (/Users/home/Desktop/projects/social-media-microservices/api-gate-way/node_modules/router/index.js:342:13)","service":"auth-service","timestamp":"2025-08-25T02:23:19.826Z"}
{"level":"info","message":"request from /v1/post having a method of POST","service":"auth-service","timestamp":"2025-08-25T02:23:26.821Z"}
{"level":"error","message":"JsonWebTokenError: invalid token\n    at Object.module.exports [as verify] (/Users/home/Desktop/projects/social-media-microservices/api-gate-way/node_modules/jsonwebtoken/verify.js:82:17)\n    at validateTokenMiddleware (/Users/home/Desktop/projects/social-media-microservices/api-gate-way/src/middleware/authMiddleware.ts:22:32)\n    at Layer.handleRequest (/Users/home/Desktop/projects/social-media-microservices/api-gate-way/node_modules/router/lib/layer.js:152:17)\n    at trimPrefix (/Users/home/Desktop/projects/social-media-microservices/api-gate-way/node_modules/router/index.js:342:13)\n    at /Users/home/Desktop/projects/social-media-microservices/api-gate-way/node_modules/router/index.js:297:9\n    at processParams (/Users/home/Desktop/projects/social-media-microservices/api-gate-way/node_modules/router/index.js:582:12)\n    at next (/Users/home/Desktop/projects/social-media-microservices/api-gate-way/node_modules/router/index.js:291:5)\n    at /Users/home/Desktop/projects/social-media-microservices/api-gate-way/src/server.ts:24:5\n    at Layer.handleRequest (/Users/home/Desktop/projects/social-media-microservices/api-gate-way/node_modules/router/lib/layer.js:152:17)\n    at trimPrefix (/Users/home/Desktop/projects/social-media-microservices/api-gate-way/node_modules/router/index.js:342:13)","service":"auth-service","timestamp":"2025-08-25T02:23:26.823Z"}
{"level":"info","message":"App at  started at port 9000","service":"auth-service","timestamp":"2025-08-25T02:24:56.032Z"}
{"level":"info","message":"App at api-gateway started at port 9000","service":"auth-service","timestamp":"2025-08-25T02:25:03.106Z"}
{"level":"info","message":"App at api-gateway started at port 9000","service":"auth-service","timestamp":"2025-08-25T02:25:49.787Z"}
{"level":"info","message":"App at api-gateway started at port 9000","service":"auth-service","timestamp":"2025-08-25T02:25:52.915Z"}
{"level":"info","message":"App at api-gateway started at port 9000","service":"auth-service","timestamp":"2025-08-25T02:25:56.851Z"}
{"level":"info","message":"App at api-gateway started at port 9000","service":"auth-service","timestamp":"2025-08-25T02:26:00.383Z"}
{"level":"info","message":"App at api-gateway started at port 9000","service":"auth-service","timestamp":"2025-08-25T02:26:03.175Z"}
{"level":"info","message":"App at api-gateway started at port 9000","service":"auth-service","timestamp":"2025-08-25T02:30:08.077Z"}
{"level":"info","message":"App at api-gateway started at port 9000","service":"auth-service","timestamp":"2025-08-25T02:41:47.834Z"}
{"level":"info","message":"App at api-gateway started at port 9000","service":"auth-service","timestamp":"2025-08-25T02:41:54.349Z"}
{"level":"info","message":"App at api-gateway started at port 9000","service":"auth-service","timestamp":"2025-08-25T02:41:57.771Z"}
{"level":"info","message":"App at api-gateway started at port 9000","service":"auth-service","timestamp":"2025-08-25T02:42:02.171Z"}
{"level":"info","message":"App at api-gateway started at port 9000","service":"auth-service","timestamp":"2025-08-25T02:42:15.952Z"}
{"level":"info","message":"App at api-gateway started at port 9000","service":"auth-service","timestamp":"2025-08-25T02:42:16.827Z"}
{"level":"info","message":"App at api-gateway started at port 9000","service":"auth-service","timestamp":"2025-08-25T02:42:23.896Z"}
{"level":"info","message":"App at api-gateway started at port 9000","service":"auth-service","timestamp":"2025-08-25T02:42:33.135Z"}
{"level":"info","message":"App at api-gateway started at port 9000","service":"auth-service","timestamp":"2025-08-25T02:42:36.738Z"}
{"level":"info","message":"App at api-gateway started at port 9000","service":"auth-service","timestamp":"2025-08-25T02:42:38.932Z"}
{"level":"info","message":"App at api-gateway started at port 9000","service":"auth-service","timestamp":"2025-08-25T02:42:42.675Z"}
{"level":"info","message":"App at api-gateway started at port 9000","service":"auth-service","timestamp":"2025-08-25T02:42:43.455Z"}
{"level":"info","message":"App at api-gateway started at port 9000","service":"auth-service","timestamp":"2025-08-25T02:42:47.743Z"}
{"level":"info","message":"request from /v1/post having a method of POST","service":"auth-service","timestamp":"2025-08-25T02:43:02.103Z"}
{"level":"info","message":"App at api-gateway started at port 9000","service":"auth-service","timestamp":"2025-08-25T02:44:01.152Z"}
{"level":"info","message":"request from /v1/post having a method of POST","service":"auth-service","timestamp":"2025-08-25T02:44:40.285Z"}
{"level":"info","message":"App at api-gateway started at port 9000","service":"auth-service","timestamp":"2025-08-25T02:45:06.897Z"}
{"level":"info","message":"App at api-gateway started at port 9000","service":"auth-service","timestamp":"2025-08-25T02:45:11.108Z"}
{"level":"info","message":"App at api-gateway started at port 9000","service":"auth-service","timestamp":"2025-08-25T02:45:17.856Z"}
{"level":"info","message":"App at api-gateway started at port 9000","service":"auth-service","timestamp":"2025-08-25T02:45:21.349Z"}
{"level":"info","message":"App at api-gateway started at port 9000","service":"auth-service","timestamp":"2025-08-25T02:45:23.005Z"}
{"level":"info","message":"App at api-gateway started at port 9000","service":"auth-service","timestamp":"2025-08-25T02:45:25.994Z"}
{"level":"info","message":"App at api-gateway started at port 9000","service":"auth-service","timestamp":"2025-08-25T02:45:28.794Z"}
{"level":"info","message":"App at api-gateway started at port 9000","service":"auth-service","timestamp":"2025-08-25T02:45:33.811Z"}
{"level":"info","message":"request from /v1/post having a method of POST","service":"auth-service","timestamp":"2025-08-25T02:45:43.563Z"}
{"level":"info","message":"App at api-gateway started at port 9000","service":"auth-service","timestamp":"2025-08-25T02:46:36.355Z"}
{"level":"info","message":"App at api-gateway started at port 9000","service":"auth-service","timestamp":"2025-08-25T02:46:38.696Z"}
{"level":"info","message":"App at api-gateway started at port 9000","service":"auth-service","timestamp":"2025-08-25T02:46:42.840Z"}
{"level":"info","message":"App at api-gateway started at port 9000","service":"auth-service","timestamp":"2025-08-25T02:46:48.722Z"}
{"level":"info","message":"App at api-gateway started at port 9000","service":"auth-service","timestamp":"2025-08-25T02:46:51.716Z"}
{"level":"info","message":"App at api-gateway started at port 9000","service":"auth-service","timestamp":"2025-08-25T02:46:55.762Z"}
{"level":"info","message":"App at api-gateway started at port 9000","service":"auth-service","timestamp":"2025-08-25T02:46:57.652Z"}
{"level":"info","message":"App at api-gateway started at port 9000","service":"auth-service","timestamp":"2025-08-25T02:46:59.843Z"}
{"level":"info","message":"App at api-gateway started at port 9000","service":"auth-service","timestamp":"2025-08-25T02:47:02.126Z"}
{"level":"info","message":"App at api-gateway started at port 9000","service":"auth-service","timestamp":"2025-08-25T02:47:05.295Z"}
{"level":"info","message":"App at api-gateway started at port 9000","service":"auth-service","timestamp":"2025-08-25T02:47:10.718Z"}
{"level":"info","message":"App at api-gateway started at port 9000","service":"auth-service","timestamp":"2025-08-25T02:47:12.259Z"}
{"level":"info","message":"request from /v1/post having a method of POST","service":"auth-service","timestamp":"2025-08-25T02:48:01.040Z"}
{"level":"info","message":"App at api-gateway started at port 9000","service":"auth-service","timestamp":"2025-08-25T02:50:45.052Z"}
{"level":"info","message":"App at api-gateway started at port 9000","service":"auth-service","timestamp":"2025-08-25T02:50:46.970Z"}
{"level":"info","message":"request from /v1/post having a method of POST","service":"auth-service","timestamp":"2025-08-25T02:50:53.487Z"}
{"level":"info","message":"user hit the validateTokenMiddleware","service":"auth-service","timestamp":"2025-08-25T02:50:53.488Z"}
{"level":"error","message":"invalid token","name":"JsonWebTokenError","service":"auth-service","stack":"JsonWebTokenError: invalid token\n    at Object.module.exports [as verify] (/Users/home/Desktop/projects/social-media-microservices/api-gate-way/node_modules/jsonwebtoken/verify.js:82:17)\n    at validateTokenMiddleware (/Users/home/Desktop/projects/social-media-microservices/api-gate-way/src/middleware/authMiddleware.ts:23:9)\n    at Layer.handleRequest (/Users/home/Desktop/projects/social-media-microservices/api-gate-way/node_modules/router/lib/layer.js:152:17)\n    at trimPrefix (/Users/home/Desktop/projects/social-media-microservices/api-gate-way/node_modules/router/index.js:342:13)\n    at /Users/home/Desktop/projects/social-media-microservices/api-gate-way/node_modules/router/index.js:297:9\n    at processParams (/Users/home/Desktop/projects/social-media-microservices/api-gate-way/node_modules/router/index.js:582:12)\n    at next (/Users/home/Desktop/projects/social-media-microservices/api-gate-way/node_modules/router/index.js:291:5)\n    at /Users/home/Desktop/projects/social-media-microservices/api-gate-way/src/server.ts:24:5\n    at Layer.handleRequest (/Users/home/Desktop/projects/social-media-microservices/api-gate-way/node_modules/router/lib/layer.js:152:17)\n    at trimPrefix (/Users/home/Desktop/projects/social-media-microservices/api-gate-way/node_modules/router/index.js:342:13)","timestamp":"2025-08-25T02:50:53.491Z"}
{"level":"info","message":"App at api-gateway started at port 9000","service":"auth-service","timestamp":"2025-08-25T02:51:49.948Z"}
{"level":"info","message":"App at api-gateway started at port 9000","service":"auth-service","timestamp":"2025-08-25T02:51:54.098Z"}
{"level":"info","message":"App at api-gateway started at port 9000","service":"auth-service","timestamp":"2025-08-25T02:51:57.865Z"}
{"level":"info","message":"request from /v1/post having a method of POST","service":"auth-service","timestamp":"2025-08-25T02:52:04.090Z"}
{"level":"info","message":"user hit the validateTokenMiddleware","service":"auth-service","timestamp":"2025-08-25T02:52:04.092Z"}
{"level":"error","message":"invalid token","name":"JsonWebTokenError","service":"auth-service","stack":"JsonWebTokenError: invalid token\n    at Object.module.exports [as verify] (/Users/home/Desktop/projects/social-media-microservices/api-gate-way/node_modules/jsonwebtoken/verify.js:82:17)\n    at validateTokenMiddleware (/Users/home/Desktop/projects/social-media-microservices/api-gate-way/src/middleware/authMiddleware.ts:23:9)\n    at Layer.handleRequest (/Users/home/Desktop/projects/social-media-microservices/api-gate-way/node_modules/router/lib/layer.js:152:17)\n    at trimPrefix (/Users/home/Desktop/projects/social-media-microservices/api-gate-way/node_modules/router/index.js:342:13)\n    at /Users/home/Desktop/projects/social-media-microservices/api-gate-way/node_modules/router/index.js:297:9\n    at processParams (/Users/home/Desktop/projects/social-media-microservices/api-gate-way/node_modules/router/index.js:582:12)\n    at next (/Users/home/Desktop/projects/social-media-microservices/api-gate-way/node_modules/router/index.js:291:5)\n    at /Users/home/Desktop/projects/social-media-microservices/api-gate-way/src/server.ts:24:5\n    at Layer.handleRequest (/Users/home/Desktop/projects/social-media-microservices/api-gate-way/node_modules/router/lib/layer.js:152:17)\n    at trimPrefix (/Users/home/Desktop/projects/social-media-microservices/api-gate-way/node_modules/router/index.js:342:13)","timestamp":"2025-08-25T02:52:04.100Z"}
{"level":"info","message":"App at api-gateway started at port 9000","service":"auth-service","timestamp":"2025-08-25T02:53:30.667Z"}
{"level":"info","message":"App at api-gateway started at port 9000","service":"auth-service","timestamp":"2025-08-25T02:54:46.299Z"}
{"level":"info","message":"request from /v1/post having a method of POST","service":"auth-service","timestamp":"2025-08-25T02:54:54.611Z"}
{"level":"info","message":"user hit the validateTokenMiddleware","service":"auth-service","timestamp":"2025-08-25T02:54:54.613Z"}
{"code":"ERR_HTTP_INVALID_HEADER_VALUE","level":"error","message":"Proxy error: Invalid value \"undefined\" for header \"x-user-id\"","service":"auth-service","stack":"TypeError: Invalid value \"undefined\" for header \"x-user-id\"\n    at ClientRequest.setHeader (node:_http_outgoing:702:3)\n    at new ClientRequest (node:_http_client:302:14)\n    at Object.request (node:http:102:10)\n    at /Users/home/Desktop/projects/social-media-microservices/api-gate-way/node_modules/express-http-proxy/app/steps/sendProxyRequest.js:13:51\n    at new Promise (<anonymous>)\n    at sendProxyRequest (/Users/home/Desktop/projects/social-media-microservices/api-gate-way/node_modules/express-http-proxy/app/steps/sendProxyRequest.js:11:10)\n    at processTicksAndRejections (node:internal/process/task_queues:105:5)","timestamp":"2025-08-25T02:54:54.625Z"}
{"level":"info","message":"App at api-gateway started at port 9000","service":"auth-service","timestamp":"2025-08-25T02:58:24.342Z"}
{"level":"info","message":"App at api-gateway started at port 9000","service":"auth-service","timestamp":"2025-08-25T02:58:26.885Z"}
{"level":"info","message":"App at api-gateway started at port 9000","service":"auth-service","timestamp":"2025-08-25T02:58:29.910Z"}
{"level":"info","message":"App at api-gateway started at port 9000","service":"auth-service","timestamp":"2025-08-25T02:58:32.788Z"}
{"level":"info","message":"App at api-gateway started at port 9000","service":"auth-service","timestamp":"2025-08-25T02:58:37.633Z"}
{"level":"info","message":"App at api-gateway started at port 9000","service":"auth-service","timestamp":"2025-08-25T02:58:45.600Z"}
{"level":"info","message":"App at api-gateway started at port 9000","service":"auth-service","timestamp":"2025-08-25T02:59:09.143Z"}
{"level":"info","message":"request from /v1/post having a method of POST","service":"auth-service","timestamp":"2025-08-25T02:59:13.648Z"}
{"level":"info","message":"user hit the validateTokenMiddleware","service":"auth-service","timestamp":"2025-08-25T02:59:13.652Z"}
{"code":"ERR_HTTP_INVALID_HEADER_VALUE","level":"error","message":"Proxy error: Invalid value \"undefined\" for header \"x-user-id\"","service":"auth-service","stack":"TypeError: Invalid value \"undefined\" for header \"x-user-id\"\n    at ClientRequest.setHeader (node:_http_outgoing:702:3)\n    at new ClientRequest (node:_http_client:302:14)\n    at Object.request (node:http:102:10)\n    at /Users/home/Desktop/projects/social-media-microservices/api-gate-way/node_modules/express-http-proxy/app/steps/sendProxyRequest.js:13:51\n    at new Promise (<anonymous>)\n    at sendProxyRequest (/Users/home/Desktop/projects/social-media-microservices/api-gate-way/node_modules/express-http-proxy/app/steps/sendProxyRequest.js:11:10)\n    at processTicksAndRejections (node:internal/process/task_queues:105:5)","timestamp":"2025-08-25T02:59:13.680Z"}
{"level":"info","message":"App at api-gateway started at port 9000","service":"auth-service","timestamp":"2025-08-25T03:05:26.056Z"}
{"level":"info","message":"request from /v1/post having a method of POST","service":"auth-service","timestamp":"2025-08-25T03:05:35.287Z"}
{"level":"info","message":"user hit the validateTokenMiddleware","service":"auth-service","timestamp":"2025-08-25T03:05:35.288Z"}
{"code":"ERR_HTTP_INVALID_HEADER_VALUE","level":"error","message":"Proxy error: Invalid value \"undefined\" for header \"x-user-id\"","service":"auth-service","stack":"TypeError: Invalid value \"undefined\" for header \"x-user-id\"\n    at ClientRequest.setHeader (node:_http_outgoing:702:3)\n    at new ClientRequest (node:_http_client:302:14)\n    at Object.request (node:http:102:10)\n    at /Users/home/Desktop/projects/social-media-microservices/api-gate-way/node_modules/express-http-proxy/app/steps/sendProxyRequest.js:13:51\n    at new Promise (<anonymous>)\n    at sendProxyRequest (/Users/home/Desktop/projects/social-media-microservices/api-gate-way/node_modules/express-http-proxy/app/steps/sendProxyRequest.js:11:10)\n    at processTicksAndRejections (node:internal/process/task_queues:105:5)","timestamp":"2025-08-25T03:05:35.308Z"}
{"level":"info","message":"App at api-gateway started at port 9000","service":"auth-service","timestamp":"2025-08-25T03:08:31.062Z"}
{"level":"info","message":"App at api-gateway started at port 9000","service":"auth-service","timestamp":"2025-08-25T03:08:42.867Z"}
{"level":"info","message":"App at api-gateway started at port 9000","service":"auth-service","timestamp":"2025-08-25T03:08:45.629Z"}
{"level":"info","message":"App at api-gateway started at port 9000","service":"auth-service","timestamp":"2025-08-25T03:09:13.082Z"}
{"level":"info","message":"request from /v1/post having a method of POST","service":"auth-service","timestamp":"2025-08-25T03:09:23.546Z"}
{"level":"info","message":"user hit the validateTokenMiddleware","service":"auth-service","timestamp":"2025-08-25T03:09:23.547Z"}
{"level":"info","message":"request from /v1/post/register having a method of POST","service":"auth-service","timestamp":"2025-08-25T03:09:56.798Z"}
{"level":"info","message":"user hit the validateTokenMiddleware","service":"auth-service","timestamp":"2025-08-25T03:09:56.804Z"}
{"level":"info","message":"request from /v1/post/register having a method of POST","service":"auth-service","timestamp":"2025-08-25T03:11:03.724Z"}
{"level":"info","message":"user hit the validateTokenMiddleware","service":"auth-service","timestamp":"2025-08-25T03:11:03.725Z"}
{"level":"info","message":"request from /v1/post/createPost having a method of POST","service":"auth-service","timestamp":"2025-08-25T03:11:44.644Z"}
{"level":"info","message":"user hit the validateTokenMiddleware","service":"auth-service","timestamp":"2025-08-25T03:11:44.646Z"}
{"level":"info","message":"request from /v1/post/createPost having a method of POST","service":"auth-service","timestamp":"2025-08-25T03:13:05.361Z"}
{"level":"info","message":"user hit the validateTokenMiddleware","service":"auth-service","timestamp":"2025-08-25T03:13:05.362Z"}
{"level":"info","message":"request from /v1/post/createPost having a method of POST","service":"auth-service","timestamp":"2025-08-25T03:13:49.668Z"}
{"level":"info","message":"user hit the validateTokenMiddleware","service":"auth-service","timestamp":"2025-08-25T03:13:49.670Z"}
{"level":"info","message":"request from /v1/post/createPost having a method of POST","service":"auth-service","timestamp":"2025-08-25T03:15:02.985Z"}
{"level":"info","message":"user hit the validateTokenMiddleware","service":"auth-service","timestamp":"2025-08-25T03:15:02.985Z"}
{"level":"info","message":"request from /v1/post/createPost having a method of POST","service":"auth-service","timestamp":"2025-08-25T03:26:49.548Z"}
{"level":"info","message":"user hit the validateTokenMiddleware","service":"auth-service","timestamp":"2025-08-25T03:26:49.557Z"}
{"level":"error","message":"invalid signature","name":"JsonWebTokenError","service":"auth-service","stack":"JsonWebTokenError: invalid signature\n    at /Users/home/Desktop/projects/social-media-microservices/api-gate-way/node_modules/jsonwebtoken/verify.js:171:19\n    at getSecret (/Users/home/Desktop/projects/social-media-microservices/api-gate-way/node_modules/jsonwebtoken/verify.js:97:14)\n    at Object.module.exports [as verify] (/Users/home/Desktop/projects/social-media-microservices/api-gate-way/node_modules/jsonwebtoken/verify.js:101:10)\n    at validateTokenMiddleware (/Users/home/Desktop/projects/social-media-microservices/api-gate-way/src/middleware/authMiddleware.ts:23:9)\n    at Layer.handleRequest (/Users/home/Desktop/projects/social-media-microservices/api-gate-way/node_modules/router/lib/layer.js:152:17)\n    at trimPrefix (/Users/home/Desktop/projects/social-media-microservices/api-gate-way/node_modules/router/index.js:342:13)\n    at /Users/home/Desktop/projects/social-media-microservices/api-gate-way/node_modules/router/index.js:297:9\n    at processParams (/Users/home/Desktop/projects/social-media-microservices/api-gate-way/node_modules/router/index.js:582:12)\n    at next (/Users/home/Desktop/projects/social-media-microservices/api-gate-way/node_modules/router/index.js:291:5)\n    at /Users/home/Desktop/projects/social-media-microservices/api-gate-way/src/server.ts:24:5","timestamp":"2025-08-25T03:26:49.616Z"}
{"level":"info","message":"request from /v1/post/createPost having a method of POST","service":"auth-service","timestamp":"2025-08-25T03:26:55.788Z"}
{"level":"info","message":"user hit the validateTokenMiddleware","service":"auth-service","timestamp":"2025-08-25T03:26:55.788Z"}
{"level":"info","message":"request from /v1/post/createPost having a method of POST","service":"auth-service","timestamp":"2025-08-25T03:26:58.306Z"}
{"level":"info","message":"user hit the validateTokenMiddleware","service":"auth-service","timestamp":"2025-08-25T03:26:58.306Z"}
{"level":"info","message":"App at api-gateway started at port 9000","service":"auth-service","timestamp":"2025-08-25T03:27:44.880Z"}
{"level":"info","message":"request from /v1/post/createPost having a method of POST","service":"auth-service","timestamp":"2025-08-25T03:36:53.083Z"}
{"level":"info","message":"user hit the validateTokenMiddleware","service":"auth-service","timestamp":"2025-08-25T03:36:53.098Z"}
{"level":"info","message":"request from /v1/post/createPost having a method of POST","service":"auth-service","timestamp":"2025-08-25T03:39:28.742Z"}
{"level":"info","message":"user hit the validateTokenMiddleware","service":"auth-service","timestamp":"2025-08-25T03:39:28.748Z"}
{"level":"info","message":"request from /v1/post/createPost having a method of POST","service":"auth-service","timestamp":"2025-08-25T03:39:36.908Z"}
{"level":"info","message":"user hit the validateTokenMiddleware","service":"auth-service","timestamp":"2025-08-25T03:39:36.908Z"}
{"level":"info","message":"request from /v1/post/createPost having a method of POST","service":"auth-service","timestamp":"2025-08-25T03:39:39.029Z"}
{"level":"info","message":"user hit the validateTokenMiddleware","service":"auth-service","timestamp":"2025-08-25T03:39:39.030Z"}
{"level":"info","message":"request from /v1/post/getPost having a method of GET","service":"auth-service","timestamp":"2025-08-25T16:27:11.061Z"}
{"level":"info","message":"user hit the validateTokenMiddleware","service":"auth-service","timestamp":"2025-08-25T16:27:11.070Z"}
{"level":"info","message":"Attempt to login with oout a token","service":"auth-service","timestamp":"2025-08-25T16:27:11.070Z"}
{"level":"info","message":"request from /v1/auth/login having a method of POST","service":"auth-service","timestamp":"2025-08-25T16:27:23.437Z"}
{"level":"info","message":"request from /v1/post/getPosts having a method of GET","service":"auth-service","timestamp":"2025-08-25T16:28:19.391Z"}
{"level":"info","message":"user hit the validateTokenMiddleware","service":"auth-service","timestamp":"2025-08-25T16:28:19.396Z"}
{"level":"info","message":"Attempt to login with oout a token","service":"auth-service","timestamp":"2025-08-25T16:28:19.396Z"}
{"level":"info","message":"request from /v1/post/getPosts having a method of GET","service":"auth-service","timestamp":"2025-08-25T16:28:33.362Z"}
{"level":"info","message":"user hit the validateTokenMiddleware","service":"auth-service","timestamp":"2025-08-25T16:28:33.364Z"}
{"level":"info","message":"request from /v1/post/getPost having a method of GET","service":"auth-service","timestamp":"2025-08-25T16:29:33.376Z"}
{"level":"info","message":"user hit the validateTokenMiddleware","service":"auth-service","timestamp":"2025-08-25T16:29:33.377Z"}
{"level":"info","message":"Attempt to login with oout a token","service":"auth-service","timestamp":"2025-08-25T16:29:33.377Z"}
{"level":"info","message":"request from /v1/post/getPost having a method of GET","service":"auth-service","timestamp":"2025-08-25T16:30:14.588Z"}
{"level":"info","message":"user hit the validateTokenMiddleware","service":"auth-service","timestamp":"2025-08-25T16:30:14.589Z"}
{"level":"info","message":"request from /v1/post/getPost/500 having a method of GET","service":"auth-service","timestamp":"2025-08-25T16:30:30.546Z"}
{"level":"info","message":"user hit the validateTokenMiddleware","service":"auth-service","timestamp":"2025-08-25T16:30:30.547Z"}
{"level":"info","message":"request from /v1/post/getPost/500 having a method of GET","service":"auth-service","timestamp":"2025-08-25T16:32:13.111Z"}
{"level":"info","message":"user hit the validateTokenMiddleware","service":"auth-service","timestamp":"2025-08-25T16:32:13.112Z"}
{"level":"info","message":"request from /v1/post/getPost/500 having a method of GET","service":"auth-service","timestamp":"2025-08-25T16:40:24.172Z"}
{"level":"info","message":"user hit the validateTokenMiddleware","service":"auth-service","timestamp":"2025-08-25T16:40:24.179Z"}
{"level":"info","message":"request from /v1/post/getPost/500 having a method of GET","service":"auth-service","timestamp":"2025-08-25T16:41:16.715Z"}
{"level":"info","message":"user hit the validateTokenMiddleware","service":"auth-service","timestamp":"2025-08-25T16:41:16.715Z"}
{"level":"info","message":"request from /v1/post/getPost/500 having a method of GET","service":"auth-service","timestamp":"2025-08-25T16:41:17.783Z"}
{"level":"info","message":"user hit the validateTokenMiddleware","service":"auth-service","timestamp":"2025-08-25T16:41:17.783Z"}
{"level":"info","message":"request from /v1/post/getPost/500 having a method of GET","service":"auth-service","timestamp":"2025-08-25T16:42:16.468Z"}
{"level":"info","message":"user hit the validateTokenMiddleware","service":"auth-service","timestamp":"2025-08-25T16:42:16.471Z"}
{"level":"info","message":"request from /v1/post/getPost/500 having a method of GET","service":"auth-service","timestamp":"2025-08-25T16:42:17.598Z"}
{"level":"info","message":"user hit the validateTokenMiddleware","service":"auth-service","timestamp":"2025-08-25T16:42:17.600Z"}
{"level":"info","message":"request from /v1/post/getPost/500 having a method of GET","service":"auth-service","timestamp":"2025-08-25T16:42:40.961Z"}
{"level":"info","message":"user hit the validateTokenMiddleware","service":"auth-service","timestamp":"2025-08-25T16:42:40.962Z"}
{"level":"info","message":"request from /v1/post/getPost/500 having a method of GET","service":"auth-service","timestamp":"2025-08-25T16:43:55.885Z"}
{"level":"info","message":"user hit the validateTokenMiddleware","service":"auth-service","timestamp":"2025-08-25T16:43:55.889Z"}
{"level":"info","message":"request from /v1/post/getPost/500 having a method of GET","service":"auth-service","timestamp":"2025-08-25T17:00:19.270Z"}
{"level":"info","message":"user hit the validateTokenMiddleware","service":"auth-service","timestamp":"2025-08-25T17:00:19.283Z"}
{"level":"info","message":"request from /v1/post/getPost/500 having a method of GET","service":"auth-service","timestamp":"2025-08-25T17:00:21.191Z"}
{"level":"info","message":"user hit the validateTokenMiddleware","service":"auth-service","timestamp":"2025-08-25T17:00:21.192Z"}
{"level":"info","message":"request from /v1/post/getPost/500 having a method of GET","service":"auth-service","timestamp":"2025-08-25T17:01:28.558Z"}
{"level":"info","message":"user hit the validateTokenMiddleware","service":"auth-service","timestamp":"2025-08-25T17:01:28.561Z"}
{"level":"info","message":"request from /v1/post/getPosts having a method of GET","service":"auth-service","timestamp":"2025-08-25T17:01:51.794Z"}
{"level":"info","message":"user hit the validateTokenMiddleware","service":"auth-service","timestamp":"2025-08-25T17:01:51.796Z"}
{"level":"info","message":"request from /v1/post/getPosts having a method of GET","service":"auth-service","timestamp":"2025-08-25T17:01:53.376Z"}
{"level":"info","message":"user hit the validateTokenMiddleware","service":"auth-service","timestamp":"2025-08-25T17:01:53.376Z"}
{"level":"info","message":"request from /v1/post/getPosts having a method of GET","service":"auth-service","timestamp":"2025-08-25T17:02:03.816Z"}
{"level":"info","message":"user hit the validateTokenMiddleware","service":"auth-service","timestamp":"2025-08-25T17:02:03.817Z"}
{"level":"info","message":"request from /v1/post/getPosts having a method of GET","service":"auth-service","timestamp":"2025-08-25T17:02:07.171Z"}
{"level":"info","message":"user hit the validateTokenMiddleware","service":"auth-service","timestamp":"2025-08-25T17:02:07.172Z"}
{"level":"info","message":"request from /v1/post/getPosts having a method of GET","service":"auth-service","timestamp":"2025-08-25T17:02:08.252Z"}
{"level":"info","message":"user hit the validateTokenMiddleware","service":"auth-service","timestamp":"2025-08-25T17:02:08.253Z"}
{"level":"info","message":"request from /v1/post/getPosts having a method of GET","service":"auth-service","timestamp":"2025-08-25T17:03:19.813Z"}
{"level":"info","message":"user hit the validateTokenMiddleware","service":"auth-service","timestamp":"2025-08-25T17:03:19.814Z"}
{"level":"info","message":"request from /v1/post/getPosts having a method of GET","service":"auth-service","timestamp":"2025-08-25T17:03:21.618Z"}
{"level":"info","message":"user hit the validateTokenMiddleware","service":"auth-service","timestamp":"2025-08-25T17:03:21.619Z"}
{"level":"info","message":"request from /v1/post/getPosts having a method of GET","service":"auth-service","timestamp":"2025-08-25T17:03:22.927Z"}
{"level":"info","message":"user hit the validateTokenMiddleware","service":"auth-service","timestamp":"2025-08-25T17:03:22.928Z"}
{"level":"info","message":"request from /v1/post/getPosts having a method of GET","service":"auth-service","timestamp":"2025-08-25T17:03:23.960Z"}
{"level":"info","message":"user hit the validateTokenMiddleware","service":"auth-service","timestamp":"2025-08-25T17:03:23.960Z"}
{"level":"info","message":"request from /v1/post/getPosts having a method of GET","service":"auth-service","timestamp":"2025-08-25T17:03:24.874Z"}
{"level":"info","message":"user hit the validateTokenMiddleware","service":"auth-service","timestamp":"2025-08-25T17:03:24.875Z"}
{"level":"info","message":"request from /v1/post/getPosts having a method of GET","service":"auth-service","timestamp":"2025-08-25T17:03:25.728Z"}
{"level":"info","message":"user hit the validateTokenMiddleware","service":"auth-service","timestamp":"2025-08-25T17:03:25.728Z"}
{"level":"info","message":"request from /v1/post/getPosts having a method of GET","service":"auth-service","timestamp":"2025-08-25T17:03:26.688Z"}
{"level":"info","message":"user hit the validateTokenMiddleware","service":"auth-service","timestamp":"2025-08-25T17:03:26.688Z"}
{"level":"info","message":"request from /v1/post/getPosts having a method of GET","service":"auth-service","timestamp":"2025-08-25T17:04:58.991Z"}
{"level":"info","message":"user hit the validateTokenMiddleware","service":"auth-service","timestamp":"2025-08-25T17:04:58.997Z"}
{"level":"info","message":"request from /v1/post/getPosts having a method of GET","service":"auth-service","timestamp":"2025-08-25T17:04:59.988Z"}
{"level":"info","message":"user hit the validateTokenMiddleware","service":"auth-service","timestamp":"2025-08-25T17:04:59.989Z"}
{"level":"info","message":"request from /v1/post/getPosts having a method of GET","service":"auth-service","timestamp":"2025-08-25T17:05:00.798Z"}
{"level":"info","message":"user hit the validateTokenMiddleware","service":"auth-service","timestamp":"2025-08-25T17:05:00.798Z"}
{"level":"info","message":"request from /v1/post/getPosts having a method of GET","service":"auth-service","timestamp":"2025-08-25T17:05:01.621Z"}
{"level":"info","message":"user hit the validateTokenMiddleware","service":"auth-service","timestamp":"2025-08-25T17:05:01.622Z"}
{"level":"info","message":"request from /v1/post/getPosts having a method of GET","service":"auth-service","timestamp":"2025-08-25T17:05:02.527Z"}
{"level":"info","message":"user hit the validateTokenMiddleware","service":"auth-service","timestamp":"2025-08-25T17:05:02.527Z"}
{"level":"info","message":"request from /v1/post/getPosts having a method of GET","service":"auth-service","timestamp":"2025-08-25T17:05:03.961Z"}
{"level":"info","message":"user hit the validateTokenMiddleware","service":"auth-service","timestamp":"2025-08-25T17:05:03.962Z"}
{"level":"info","message":"request from /v1/post/getPosts having a method of GET","service":"auth-service","timestamp":"2025-08-25T17:05:05.302Z"}
{"level":"info","message":"user hit the validateTokenMiddleware","service":"auth-service","timestamp":"2025-08-25T17:05:05.303Z"}
{"level":"info","message":"request from /v1/post/getPosts having a method of GET","service":"auth-service","timestamp":"2025-08-25T17:05:06.610Z"}
{"level":"info","message":"user hit the validateTokenMiddleware","service":"auth-service","timestamp":"2025-08-25T17:05:06.610Z"}
{"level":"info","message":"request from /v1/post/getPosts having a method of GET","service":"auth-service","timestamp":"2025-08-25T17:05:07.536Z"}
{"level":"info","message":"user hit the validateTokenMiddleware","service":"auth-service","timestamp":"2025-08-25T17:05:07.537Z"}
{"level":"info","message":"request from /v1/post/getPosts having a method of GET","service":"auth-service","timestamp":"2025-08-25T17:05:08.143Z"}
{"level":"info","message":"user hit the validateTokenMiddleware","service":"auth-service","timestamp":"2025-08-25T17:05:08.143Z"}
{"level":"info","message":"request from /v1/post/getPosts having a method of GET","service":"auth-service","timestamp":"2025-08-25T17:05:08.741Z"}
{"level":"info","message":"user hit the validateTokenMiddleware","service":"auth-service","timestamp":"2025-08-25T17:05:08.741Z"}
{"level":"info","message":"request from /v1/post/getPosts having a method of GET","service":"auth-service","timestamp":"2025-08-25T17:05:09.391Z"}
{"level":"info","message":"user hit the validateTokenMiddleware","service":"auth-service","timestamp":"2025-08-25T17:05:09.392Z"}
{"level":"info","message":"request from /v1/post/getPosts having a method of GET","service":"auth-service","timestamp":"2025-08-25T17:05:10.157Z"}
{"level":"info","message":"user hit the validateTokenMiddleware","service":"auth-service","timestamp":"2025-08-25T17:05:10.161Z"}
{"level":"info","message":"request from /v1/post/getPosts having a method of GET","service":"auth-service","timestamp":"2025-08-25T17:05:10.761Z"}
{"level":"info","message":"user hit the validateTokenMiddleware","service":"auth-service","timestamp":"2025-08-25T17:05:10.761Z"}
{"level":"info","message":"request from /v1/post/getPosts having a method of GET","service":"auth-service","timestamp":"2025-08-25T17:05:11.198Z"}
{"level":"info","message":"user hit the validateTokenMiddleware","service":"auth-service","timestamp":"2025-08-25T17:05:11.199Z"}
{"level":"info","message":"request from /v1/post/getPosts having a method of GET","service":"auth-service","timestamp":"2025-08-25T17:05:11.371Z"}
{"level":"info","message":"user hit the validateTokenMiddleware","service":"auth-service","timestamp":"2025-08-25T17:05:11.372Z"}
{"level":"info","message":"request from /v1/post/getPost/500 having a method of GET","service":"auth-service","timestamp":"2025-08-25T17:05:15.632Z"}
{"level":"info","message":"user hit the validateTokenMiddleware","service":"auth-service","timestamp":"2025-08-25T17:05:15.633Z"}
{"level":"info","message":"request from /v1/post/getPost/68abdafb001d61b7988574a5 having a method of GET","service":"auth-service","timestamp":"2025-08-25T17:05:29.004Z"}
{"level":"info","message":"user hit the validateTokenMiddleware","service":"auth-service","timestamp":"2025-08-25T17:05:29.005Z"}
{"level":"info","message":"request from /v1/post/getPost/68abdafb001d61b7988574a5 having a method of GET","service":"auth-service","timestamp":"2025-08-25T17:05:33.775Z"}
{"level":"info","message":"user hit the validateTokenMiddleware","service":"auth-service","timestamp":"2025-08-25T17:05:33.775Z"}
{"level":"info","message":"request from /v1/post/getPost/68abdafb001d61b7988574a5 having a method of GET","service":"auth-service","timestamp":"2025-08-25T17:05:35.092Z"}
{"level":"info","message":"user hit the validateTokenMiddleware","service":"auth-service","timestamp":"2025-08-25T17:05:35.093Z"}
{"level":"info","message":"request from /v1/post/getPost/68abdafb001d61b7988574a5 having a method of GET","service":"auth-service","timestamp":"2025-08-25T17:05:36.055Z"}
{"level":"info","message":"user hit the validateTokenMiddleware","service":"auth-service","timestamp":"2025-08-25T17:05:36.055Z"}
{"level":"info","message":"request from /v1/post/getPost/68abdafb001d61b7988574a5 having a method of GET","service":"auth-service","timestamp":"2025-08-25T17:05:37.023Z"}
{"level":"info","message":"user hit the validateTokenMiddleware","service":"auth-service","timestamp":"2025-08-25T17:05:37.023Z"}
{"level":"info","message":"request from /v1/post/getPost/68abdafb001d61b7988574a5 having a method of GET","service":"auth-service","timestamp":"2025-08-25T17:05:37.788Z"}
{"level":"info","message":"user hit the validateTokenMiddleware","service":"auth-service","timestamp":"2025-08-25T17:05:37.789Z"}
{"level":"info","message":"request from /v1/post/getPost/68abdafb001d61b7988574a5 having a method of GET","service":"auth-service","timestamp":"2025-08-25T17:05:39.181Z"}
{"level":"info","message":"user hit the validateTokenMiddleware","service":"auth-service","timestamp":"2025-08-25T17:05:39.181Z"}
{"level":"info","message":"request from /v1/post/deletePost/68abdafb001d61b7988574a5 having a method of DELETE","service":"auth-service","timestamp":"2025-08-25T17:06:44.574Z"}
{"level":"info","message":"user hit the validateTokenMiddleware","service":"auth-service","timestamp":"2025-08-25T17:06:44.575Z"}
{"level":"info","message":"Attempt to login with oout a token","service":"auth-service","timestamp":"2025-08-25T17:06:44.575Z"}
{"level":"info","message":"request from /v1/post/deletePost/68abdafb001d61b7988574a5 having a method of DELETE","service":"auth-service","timestamp":"2025-08-25T17:07:29.940Z"}
{"level":"info","message":"user hit the validateTokenMiddleware","service":"auth-service","timestamp":"2025-08-25T17:07:29.943Z"}
{"level":"info","message":"request from /v1/post/deletePost/68abdafb001d61b7988574a5 having a method of DELETE","service":"auth-service","timestamp":"2025-08-25T17:09:34.371Z"}
{"level":"info","message":"user hit the validateTokenMiddleware","service":"auth-service","timestamp":"2025-08-25T17:09:34.371Z"}
{"level":"info","message":"request from /v1/post/deletePost/68abdafb001d61b7988574a5 having a method of DELETE","service":"auth-service","timestamp":"2025-08-25T17:09:35.803Z"}
{"level":"info","message":"user hit the validateTokenMiddleware","service":"auth-service","timestamp":"2025-08-25T17:09:35.804Z"}
{"level":"info","message":"request from /v1/post/deletePost/68abdafb001d61b7988574a5 having a method of DELETE","service":"auth-service","timestamp":"2025-08-25T17:10:04.989Z"}
{"level":"info","message":"user hit the validateTokenMiddleware","service":"auth-service","timestamp":"2025-08-25T17:10:04.995Z"}
{"level":"info","message":"request from /v1/post/deletePost/68abdafb001d61b7988574a5 having a method of DELETE","service":"auth-service","timestamp":"2025-08-25T17:10:10.021Z"}
{"level":"info","message":"user hit the validateTokenMiddleware","service":"auth-service","timestamp":"2025-08-25T17:10:10.022Z"}
{"level":"info","message":"App at api-gateway started at port 9000","service":"auth-service","timestamp":"2025-08-31T20:42:35.766Z"}
{"level":"info","message":"request from / having a method of GET","service":"auth-service","timestamp":"2025-08-31T20:43:34.533Z"}
{"level":"info","message":"request from /v1/auth/login having a method of GET","service":"auth-service","timestamp":"2025-08-31T20:58:26.882Z"}
{"level":"info","message":"request from /v1/auth/login having a method of POST","service":"auth-service","timestamp":"2025-08-31T20:59:43.907Z"}
{"level":"info","message":"request from /v1/auth/register having a method of GET","service":"auth-service","timestamp":"2025-08-31T21:00:33.659Z"}
{"level":"info","message":"request from /v1/auth/register having a method of POST","service":"auth-service","timestamp":"2025-08-31T21:00:41.359Z"}
{"level":"info","message":"request from /v1/auth/forgotPasword having a method of POST","service":"auth-service","timestamp":"2025-08-31T21:01:11.383Z"}
{"level":"info","message":"request from /v1/auth/forgotPasword having a method of POST","service":"auth-service","timestamp":"2025-08-31T21:01:15.853Z"}
{"level":"info","message":"request from /v1/auth/forgotpasword having a method of POST","service":"auth-service","timestamp":"2025-08-31T21:01:35.102Z"}
{"level":"info","message":"request from /v1/auth/forgotpasword having a method of POST","service":"auth-service","timestamp":"2025-08-31T21:01:36.378Z"}
{"level":"info","message":"request from /v1/auth/forgotpassword having a method of POST","service":"auth-service","timestamp":"2025-08-31T21:02:00.221Z"}
{"level":"info","message":"request from /v1/auth/forgotpassword having a method of POST","service":"auth-service","timestamp":"2025-08-31T21:02:15.934Z"}
{"level":"info","message":"request from /v1/auth/forgotpassword having a method of POST","service":"auth-service","timestamp":"2025-08-31T21:02:25.914Z"}
{"level":"info","message":"request from /v1/auth/updatepassword having a method of POST","service":"auth-service","timestamp":"2025-08-31T21:03:41.239Z"}
{"level":"info","message":"request from /v1/auth/logout having a method of GET","service":"auth-service","timestamp":"2025-08-31T21:04:42.669Z"}
{"level":"info","message":"request from /v1/auth/account/suspended/activate/:id having a method of GET","service":"auth-service","timestamp":"2025-08-31T21:07:48.053Z"}
{"level":"info","message":"request from /v1/auth/users having a method of GET","service":"auth-service","timestamp":"2025-08-31T21:09:14.287Z"}
{"level":"info","message":"request from /v1/users having a method of GET","service":"auth-service","timestamp":"2025-08-31T21:09:28.028Z"}
{"level":"info","message":"request from /v1/auth/users having a method of GET","service":"auth-service","timestamp":"2025-08-31T21:10:06.115Z"}
{"level":"info","message":"request from /v1/users having a method of GET","service":"auth-service","timestamp":"2025-08-31T21:12:47.282Z"}
{"level":"info","message":"request from /v1/users having a method of GET","service":"auth-service","timestamp":"2025-08-31T21:14:10.520Z"}
{"level":"info","message":"request from /v1/user/1 having a method of GET","service":"auth-service","timestamp":"2025-08-31T21:15:03.907Z"}
{"level":"info","message":"request from /v1/users having a method of GET","service":"auth-service","timestamp":"2025-08-31T21:15:21.067Z"}
{"level":"info","message":"request from /v1/user/delete/1 having a method of GET","service":"auth-service","timestamp":"2025-08-31T21:17:07.842Z"}
{"level":"info","message":"request from /v1/user/delete/1 having a method of GET","service":"auth-service","timestamp":"2025-08-31T21:21:33.401Z"}
{"level":"info","message":"request from /v1/auth/login having a method of POST","service":"auth-service","timestamp":"2025-08-31T21:21:52.106Z"}
{"level":"info","message":"request from /v1/auth/register having a method of POST","service":"auth-service","timestamp":"2025-08-31T21:22:08.830Z"}
{"level":"info","message":"request from /v1/auth/forgotpassword having a method of POST","service":"auth-service","timestamp":"2025-08-31T21:22:26.469Z"}
{"level":"info","message":"request from /v1/auth/forgotpassword having a method of POST","service":"auth-service","timestamp":"2025-08-31T21:22:41.163Z"}
{"level":"info","message":"request from /v1/auth/forgotpassword having a method of POST","service":"auth-service","timestamp":"2025-08-31T21:22:42.766Z"}
{"level":"info","message":"request from /v1/auth/logout having a method of GET","service":"auth-service","timestamp":"2025-08-31T21:22:57.238Z"}
{"level":"info","message":"request from /v1/auth/account/suspended/activate/:id having a method of GET","service":"auth-service","timestamp":"2025-08-31T21:23:17.161Z"}
{"level":"info","message":"request from / having a method of GET","service":"auth-service","timestamp":"2025-08-31T21:23:27.345Z"}
{"level":"info","message":"request from /v1/user/1 having a method of GET","service":"auth-service","timestamp":"2025-08-31T21:23:41.139Z"}
{"level":"info","message":"request from /v1/users having a method of GET","service":"auth-service","timestamp":"2025-08-31T21:24:02.177Z"}
{"level":"info","message":"request from /v1/auth/login having a method of POST","service":"auth-service","timestamp":"2025-08-31T21:24:55.626Z"}
{"level":"info","message":"request from / having a method of GET","service":"auth-service","timestamp":"2025-08-31T21:26:47.736Z"}
{"level":"info","message":"request from /v1/users having a method of GET","service":"auth-service","timestamp":"2025-08-31T21:27:28.412Z"}
{"level":"info","message":"request from /v1/auth/users having a method of GET","service":"auth-service","timestamp":"2025-08-31T21:30:28.794Z"}
{"level":"info","message":"request from /v1/auth/user/delete/1 having a method of GET","service":"auth-service","timestamp":"2025-08-31T21:31:23.007Z"}
{"level":"info","message":"request from /v1/auth/user/delete/1 having a method of DELETE","service":"auth-service","timestamp":"2025-08-31T21:32:12.969Z"}
{"level":"info","message":"request from /v1/auth/register having a method of POST","service":"auth-service","timestamp":"2025-08-31T21:34:37.467Z"}
{"level":"info","message":"request from /v1/auth/register having a method of POST","service":"auth-service","timestamp":"2025-08-31T21:34:52.916Z"}
{"level":"info","message":"request from /v1/auth/register having a method of POST","service":"auth-service","timestamp":"2025-08-31T21:35:21.557Z"}
{"level":"info","message":"request from /v1/auth/register having a method of POST","service":"auth-service","timestamp":"2025-08-31T21:35:39.117Z"}
{"level":"info","message":"request from /v1/auth/login having a method of POST","service":"auth-service","timestamp":"2025-08-31T21:36:26.411Z"}
{"level":"info","message":"request from /v1/auth/login having a method of POST","service":"auth-service","timestamp":"2025-08-31T21:36:47.236Z"}
{"level":"info","message":"request from /v1/auth/login having a method of POST","service":"auth-service","timestamp":"2025-08-31T21:38:22.458Z"}
{"level":"info","message":"request from /v1/auth/login having a method of POST","service":"auth-service","timestamp":"2025-08-31T21:43:23.400Z"}
{"level":"info","message":"request from /v1/auth/login having a method of POST","service":"auth-service","timestamp":"2025-08-31T21:45:36.110Z"}
{"level":"info","message":"request from /v1/auth/login having a method of POST","service":"auth-service","timestamp":"2025-08-31T21:47:43.491Z"}
{"level":"info","message":"request from /v1/auth/forgotpassword having a method of POST","service":"auth-service","timestamp":"2025-08-31T21:48:24.064Z"}
{"level":"info","message":"request from /v1/auth/forgotpassword having a method of POST","service":"auth-service","timestamp":"2025-08-31T21:49:21.085Z"}
{"level":"info","message":"request from /v1/auth/updatepassword having a method of POST","service":"auth-service","timestamp":"2025-08-31T21:49:42.696Z"}
{"level":"info","message":"request from /v1/auth/updatepassword having a method of POST","service":"auth-service","timestamp":"2025-08-31T21:50:11.976Z"}
{"level":"info","message":"request from /v1/auth/updatepassword having a method of POST","service":"auth-service","timestamp":"2025-08-31T21:50:50.217Z"}
{"level":"info","message":"request from /v1/auth/login having a method of POST","service":"auth-service","timestamp":"2025-08-31T21:51:04.266Z"}
{"level":"info","message":"request from /v1/auth/login having a method of POST","service":"auth-service","timestamp":"2025-08-31T21:51:25.996Z"}
{"level":"info","message":"request from /v1/auth/login having a method of POST","service":"auth-service","timestamp":"2025-08-31T21:51:29.122Z"}
{"level":"info","message":"request from /v1/auth/login having a method of POST","service":"auth-service","timestamp":"2025-08-31T21:51:30.977Z"}
{"level":"info","message":"request from /v1/auth/login having a method of POST","service":"auth-service","timestamp":"2025-08-31T21:51:59.507Z"}
{"level":"info","message":"request from /v1/auth/login having a method of POST","service":"auth-service","timestamp":"2025-08-31T22:00:47.388Z"}
{"level":"info","message":"request from /v1/auth/login having a method of POST","service":"auth-service","timestamp":"2025-08-31T22:10:38.218Z"}
{"level":"info","message":"request from /v1/auth/login having a method of POST","service":"auth-service","timestamp":"2025-08-31T22:11:22.723Z"}
{"level":"info","message":"request from /v1/auth/user/68b4c02dc27ace534d15c093 having a method of GET","service":"auth-service","timestamp":"2025-08-31T22:16:15.199Z"}
{"level":"info","message":"request from /v1/auth/user/68b4c02dc27ace534d15c093 having a method of GET","service":"auth-service","timestamp":"2025-08-31T22:17:02.048Z"}
{"level":"info","message":"request from /v1/auth/users having a method of GET","service":"auth-service","timestamp":"2025-08-31T22:17:11.436Z"}
{"level":"info","message":"request from /v1/auth/users having a method of GET","service":"auth-service","timestamp":"2025-08-31T22:17:21.904Z"}
{"level":"info","message":"request from /v1/auth/user/delete/68b4c02dc27ace534d15c093 having a method of DELETE","service":"auth-service","timestamp":"2025-08-31T22:17:57.150Z"}
{"level":"info","message":"request from /v1/auth/user/delete/68b4c02dc27ace534d15c093 having a method of DELETE","service":"auth-service","timestamp":"2025-08-31T22:18:23.096Z"}
{"level":"info","message":"request from /v1/contribution/create having a method of POST","service":"auth-service","timestamp":"2025-08-31T22:33:19.820Z"}
{"level":"info","message":"user hit the validateTokenMiddleware","service":"auth-service","timestamp":"2025-08-31T22:33:19.840Z"}
{"level":"info","message":"Attempt to login with oout a token","service":"auth-service","timestamp":"2025-08-31T22:33:19.843Z"}
{"level":"info","message":"request from /v1/contribution/create having a method of POST","service":"auth-service","timestamp":"2025-08-31T22:33:59.526Z"}
{"level":"info","message":"user hit the validateTokenMiddleware","service":"auth-service","timestamp":"2025-08-31T22:33:59.526Z"}
{"code":"ERR_HTTP_INVALID_HEADER_VALUE","level":"error","message":"Proxy error: Invalid value \"undefined\" for header \"x-user-id\"","service":"auth-service","stack":"TypeError: Invalid value \"undefined\" for header \"x-user-id\"\n    at ClientRequest.setHeader (node:_http_outgoing:645:3)\n    at new ClientRequest (node:_http_client:354:14)\n    at Object.request (node:http:102:10)\n    at /Users/home/Desktop/projects/ROSCA/rusca-microservices-server/api-gate-way/node_modules/express-http-proxy/app/steps/sendProxyRequest.js:13:51\n    at new Promise (<anonymous>)\n    at sendProxyRequest (/Users/home/Desktop/projects/ROSCA/rusca-microservices-server/api-gate-way/node_modules/express-http-proxy/app/steps/sendProxyRequest.js:11:10)\n    at processTicksAndRejections (node:internal/process/task_queues:105:5)","timestamp":"2025-08-31T22:33:59.594Z"}
{"level":"info","message":"request from /v1/contribution/create having a method of POST","service":"auth-service","timestamp":"2025-08-31T22:42:21.695Z"}
{"level":"info","message":"user hit the validateTokenMiddleware","service":"auth-service","timestamp":"2025-08-31T22:42:21.702Z"}
{"code":"ERR_HTTP_INVALID_HEADER_VALUE","level":"error","message":"Proxy error: Invalid value \"undefined\" for header \"x-user-id\"","service":"auth-service","stack":"TypeError: Invalid value \"undefined\" for header \"x-user-id\"\n    at ClientRequest.setHeader (node:_http_outgoing:645:3)\n    at new ClientRequest (node:_http_client:354:14)\n    at Object.request (node:http:102:10)\n    at /Users/home/Desktop/projects/ROSCA/rusca-microservices-server/api-gate-way/node_modules/express-http-proxy/app/steps/sendProxyRequest.js:13:51\n    at new Promise (<anonymous>)\n    at sendProxyRequest (/Users/home/Desktop/projects/ROSCA/rusca-microservices-server/api-gate-way/node_modules/express-http-proxy/app/steps/sendProxyRequest.js:11:10)\n    at processTicksAndRejections (node:internal/process/task_queues:105:5)","timestamp":"2025-08-31T22:42:21.723Z"}
{"level":"info","message":"request from /v1/contribution/create having a method of POST","service":"auth-service","timestamp":"2025-08-31T22:43:24.615Z"}
{"level":"info","message":"user hit the validateTokenMiddleware","service":"auth-service","timestamp":"2025-08-31T22:43:24.620Z"}
{"code":"ERR_HTTP_INVALID_HEADER_VALUE","level":"error","message":"Proxy error: Invalid value \"undefined\" for header \"x-user-id\"","service":"auth-service","stack":"TypeError: Invalid value \"undefined\" for header \"x-user-id\"\n    at ClientRequest.setHeader (node:_http_outgoing:645:3)\n    at new ClientRequest (node:_http_client:354:14)\n    at Object.request (node:http:102:10)\n    at /Users/home/Desktop/projects/ROSCA/rusca-microservices-server/api-gate-way/node_modules/express-http-proxy/app/steps/sendProxyRequest.js:13:51\n    at new Promise (<anonymous>)\n    at sendProxyRequest (/Users/home/Desktop/projects/ROSCA/rusca-microservices-server/api-gate-way/node_modules/express-http-proxy/app/steps/sendProxyRequest.js:11:10)\n    at processTicksAndRejections (node:internal/process/task_queues:105:5)","timestamp":"2025-08-31T22:43:24.627Z"}
{"level":"info","message":"request from /v1/contribution/create having a method of POST","service":"auth-service","timestamp":"2025-08-31T22:44:19.071Z"}
{"level":"info","message":"user hit the validateTokenMiddleware","service":"auth-service","timestamp":"2025-08-31T22:44:19.072Z"}
{"code":"ERR_HTTP_INVALID_HEADER_VALUE","level":"error","message":"Proxy error: Invalid value \"undefined\" for header \"x-user-id\"","service":"auth-service","stack":"TypeError: Invalid value \"undefined\" for header \"x-user-id\"\n    at ClientRequest.setHeader (node:_http_outgoing:645:3)\n    at new ClientRequest (node:_http_client:354:14)\n    at Object.request (node:http:102:10)\n    at /Users/home/Desktop/projects/ROSCA/rusca-microservices-server/api-gate-way/node_modules/express-http-proxy/app/steps/sendProxyRequest.js:13:51\n    at new Promise (<anonymous>)\n    at sendProxyRequest (/Users/home/Desktop/projects/ROSCA/rusca-microservices-server/api-gate-way/node_modules/express-http-proxy/app/steps/sendProxyRequest.js:11:10)\n    at processTicksAndRejections (node:internal/process/task_queues:105:5)","timestamp":"2025-08-31T22:44:19.076Z"}
{"level":"info","message":"App at api-gateway started at port 9000","service":"auth-service","timestamp":"2025-08-31T22:44:56.104Z"}
{"level":"info","message":"App at api-gateway started at port 9000","service":"auth-service","timestamp":"2025-08-31T22:45:11.066Z"}
{"level":"info","message":"request from /v1/contribution/create having a method of POST","service":"auth-service","timestamp":"2025-08-31T22:45:34.601Z"}
{"level":"info","message":"user hit the validateTokenMiddleware","service":"auth-service","timestamp":"2025-08-31T22:45:34.602Z"}
{"code":"ERR_HTTP_INVALID_HEADER_VALUE","level":"error","message":"Proxy error: Invalid value \"undefined\" for header \"x-user-id\"","service":"auth-service","stack":"TypeError: Invalid value \"undefined\" for header \"x-user-id\"\n    at ClientRequest.setHeader (node:_http_outgoing:645:3)\n    at new ClientRequest (node:_http_client:354:14)\n    at Object.request (node:http:102:10)\n    at /Users/home/Desktop/projects/ROSCA/rusca-microservices-server/api-gate-way/node_modules/express-http-proxy/app/steps/sendProxyRequest.js:13:51\n    at new Promise (<anonymous>)\n    at sendProxyRequest (/Users/home/Desktop/projects/ROSCA/rusca-microservices-server/api-gate-way/node_modules/express-http-proxy/app/steps/sendProxyRequest.js:11:10)\n    at processTicksAndRejections (node:internal/process/task_queues:105:5)","timestamp":"2025-08-31T22:45:34.611Z"}
{"level":"info","message":"App at api-gateway started at port 9000","service":"auth-service","timestamp":"2025-08-31T22:45:57.953Z"}
{"level":"info","message":"App at api-gateway started at port 9000","service":"auth-service","timestamp":"2025-08-31T22:50:59.708Z"}
{"level":"info","message":"App at api-gateway started at port 9000","service":"auth-service","timestamp":"2025-08-31T22:51:01.983Z"}
{"level":"info","message":"App at api-gateway started at port 9000","service":"auth-service","timestamp":"2025-08-31T22:51:08.285Z"}
{"level":"info","message":"App at api-gateway started at port 9000","service":"auth-service","timestamp":"2025-08-31T22:51:10.860Z"}
{"level":"info","message":"App at api-gateway started at port 9000","service":"auth-service","timestamp":"2025-08-31T22:51:16.582Z"}
{"level":"info","message":"request from /v1/contribution/create having a method of POST","service":"auth-service","timestamp":"2025-08-31T22:51:34.577Z"}
{"level":"info","message":"user hit the validateTokenMiddleware","service":"auth-service","timestamp":"2025-08-31T22:51:34.578Z"}
{"code":"ERR_HTTP_INVALID_HEADER_VALUE","level":"error","message":"Proxy error: Invalid value \"undefined\" for header \"x-user-id\"","service":"auth-service","stack":"TypeError: Invalid value \"undefined\" for header \"x-user-id\"\n    at ClientRequest.setHeader (node:_http_outgoing:645:3)\n    at new ClientRequest (node:_http_client:354:14)\n    at Object.request (node:http:102:10)\n    at /Users/home/Desktop/projects/ROSCA/rusca-microservices-server/api-gate-way/node_modules/express-http-proxy/app/steps/sendProxyRequest.js:13:51\n    at new Promise (<anonymous>)\n    at sendProxyRequest (/Users/home/Desktop/projects/ROSCA/rusca-microservices-server/api-gate-way/node_modules/express-http-proxy/app/steps/sendProxyRequest.js:11:10)\n    at processTicksAndRejections (node:internal/process/task_queues:105:5)","timestamp":"2025-08-31T22:51:34.595Z"}
{"level":"info","message":"App at api-gateway started at port 9000","service":"auth-service","timestamp":"2025-08-31T22:52:18.889Z"}
{"level":"info","message":"request from /v1/contribution/create having a method of POST","service":"auth-service","timestamp":"2025-08-31T22:52:25.277Z"}
{"level":"info","message":"user hit the validateTokenMiddleware","service":"auth-service","timestamp":"2025-08-31T22:52:25.278Z"}
{"code":"ERR_HTTP_INVALID_HEADER_VALUE","level":"error","message":"Proxy error: Invalid value \"undefined\" for header \"x-user-id\"","service":"auth-service","stack":"TypeError: Invalid value \"undefined\" for header \"x-user-id\"\n    at ClientRequest.setHeader (node:_http_outgoing:645:3)\n    at new ClientRequest (node:_http_client:354:14)\n    at Object.request (node:http:102:10)\n    at /Users/home/Desktop/projects/ROSCA/rusca-microservices-server/api-gate-way/node_modules/express-http-proxy/app/steps/sendProxyRequest.js:13:51\n    at new Promise (<anonymous>)\n    at sendProxyRequest (/Users/home/Desktop/projects/ROSCA/rusca-microservices-server/api-gate-way/node_modules/express-http-proxy/app/steps/sendProxyRequest.js:11:10)\n    at processTicksAndRejections (node:internal/process/task_queues:105:5)","timestamp":"2025-08-31T22:52:25.299Z"}
{"level":"info","message":"App at api-gateway started at port 9000","service":"auth-service","timestamp":"2025-08-31T22:58:31.708Z"}
{"level":"info","message":"App at api-gateway started at port 9000","service":"auth-service","timestamp":"2025-08-31T22:58:32.534Z"}
{"level":"info","message":"App at api-gateway started at port 9000","service":"auth-service","timestamp":"2025-08-31T22:58:42.024Z"}
{"level":"info","message":"App at api-gateway started at port 9000","service":"auth-service","timestamp":"2025-08-31T22:58:44.747Z"}
{"level":"info","message":"App at api-gateway started at port 9000","service":"auth-service","timestamp":"2025-08-31T22:59:08.503Z"}
{"level":"info","message":"App at api-gateway started at port 9000","service":"auth-service","timestamp":"2025-08-31T22:59:09.364Z"}
{"level":"info","message":"App at api-gateway started at port 9000","service":"auth-service","timestamp":"2025-08-31T22:59:13.292Z"}
{"level":"info","message":"App at api-gateway started at port 9000","service":"auth-service","timestamp":"2025-08-31T22:59:48.931Z"}
{"level":"info","message":"App at api-gateway started at port 9000","service":"auth-service","timestamp":"2025-08-31T22:59:52.659Z"}
{"level":"info","message":"App at api-gateway started at port 9000","service":"auth-service","timestamp":"2025-08-31T23:00:12.457Z"}
{"level":"info","message":"request from /v1/contribution/create having a method of POST","service":"auth-service","timestamp":"2025-08-31T23:00:48.727Z"}
{"level":"info","message":"user hit the validateTokenMiddleware","service":"auth-service","timestamp":"2025-08-31T23:00:48.728Z"}
{"code":"ERR_HTTP_INVALID_HEADER_VALUE","level":"error","message":"Proxy error: Invalid value \"undefined\" for header \"x-user-id\"","service":"auth-service","stack":"TypeError: Invalid value \"undefined\" for header \"x-user-id\"\n    at ClientRequest.setHeader (node:_http_outgoing:645:3)\n    at new ClientRequest (node:_http_client:354:14)\n    at Object.request (node:http:102:10)\n    at /Users/home/Desktop/projects/ROSCA/rusca-microservices-server/api-gate-way/node_modules/express-http-proxy/app/steps/sendProxyRequest.js:13:51\n    at new Promise (<anonymous>)\n    at sendProxyRequest (/Users/home/Desktop/projects/ROSCA/rusca-microservices-server/api-gate-way/node_modules/express-http-proxy/app/steps/sendProxyRequest.js:11:10)\n    at processTicksAndRejections (node:internal/process/task_queues:105:5)","timestamp":"2025-08-31T23:00:48.755Z"}
{"level":"info","message":"App at api-gateway started at port 9000","service":"auth-service","timestamp":"2025-08-31T23:02:10.772Z"}
{"level":"info","message":"request from /v1/contribution/create having a method of POST","service":"auth-service","timestamp":"2025-08-31T23:02:31.730Z"}
{"level":"info","message":"user hit the validateTokenMiddleware","service":"auth-service","timestamp":"2025-08-31T23:02:31.733Z"}
{"code":"ERR_HTTP_INVALID_HEADER_VALUE","level":"error","message":"Proxy error: Invalid value \"undefined\" for header \"x-user-id\"","service":"auth-service","stack":"TypeError: Invalid value \"undefined\" for header \"x-user-id\"\n    at ClientRequest.setHeader (node:_http_outgoing:645:3)\n    at new ClientRequest (node:_http_client:354:14)\n    at Object.request (node:http:102:10)\n    at /Users/home/Desktop/projects/ROSCA/rusca-microservices-server/api-gate-way/node_modules/express-http-proxy/app/steps/sendProxyRequest.js:13:51\n    at new Promise (<anonymous>)\n    at sendProxyRequest (/Users/home/Desktop/projects/ROSCA/rusca-microservices-server/api-gate-way/node_modules/express-http-proxy/app/steps/sendProxyRequest.js:11:10)\n    at processTicksAndRejections (node:internal/process/task_queues:105:5)","timestamp":"2025-08-31T23:02:31.750Z"}
{"level":"info","message":"App at api-gateway started at port 9000","service":"auth-service","timestamp":"2025-08-31T23:02:55.042Z"}
{"level":"info","message":"App at api-gateway started at port 9000","service":"auth-service","timestamp":"2025-08-31T23:02:56.336Z"}
{"level":"info","message":"App at api-gateway started at port 9000","service":"auth-service","timestamp":"2025-08-31T23:03:06.578Z"}
{"level":"info","message":"request from /v1/contribution/create having a method of POST","service":"auth-service","timestamp":"2025-08-31T23:03:16.786Z"}
{"level":"info","message":"user hit the validateTokenMiddleware","service":"auth-service","timestamp":"2025-08-31T23:03:16.787Z"}
{"level":"info","message":"App at api-gateway started at port 9000","service":"auth-service","timestamp":"2025-08-31T23:03:45.257Z"}
{"level":"info","message":"App at api-gateway started at port 9000","service":"auth-service","timestamp":"2025-08-31T23:03:47.311Z"}
{"level":"info","message":"request from /v1/contribution/create having a method of POST","service":"auth-service","timestamp":"2025-08-31T23:05:19.046Z"}
{"level":"info","message":"user hit the validateTokenMiddleware","service":"auth-service","timestamp":"2025-08-31T23:05:19.049Z"}
{"level":"info","message":"request from /v1/contribution/group/create having a method of POST","service":"auth-service","timestamp":"2025-08-31T23:05:47.021Z"}
{"level":"info","message":"user hit the validateTokenMiddleware","service":"auth-service","timestamp":"2025-08-31T23:05:47.026Z"}
{"level":"info","message":"request from /v1/contribution/group/create having a method of POST","service":"auth-service","timestamp":"2025-08-31T23:06:12.469Z"}
{"level":"info","message":"user hit the validateTokenMiddleware","service":"auth-service","timestamp":"2025-08-31T23:06:12.470Z"}
{"level":"info","message":"request from /v1/contribution/group/create having a method of POST","service":"auth-service","timestamp":"2025-08-31T23:06:38.043Z"}
{"level":"info","message":"user hit the validateTokenMiddleware","service":"auth-service","timestamp":"2025-08-31T23:06:38.046Z"}
{"level":"info","message":"request from /v1/contribution/group/create having a method of POST","service":"auth-service","timestamp":"2025-08-31T23:06:58.682Z"}
{"level":"info","message":"user hit the validateTokenMiddleware","service":"auth-service","timestamp":"2025-08-31T23:06:58.683Z"}
{"level":"info","message":"request from /v1/contribution/group/groups having a method of GET","service":"auth-service","timestamp":"2025-08-31T23:08:33.652Z"}
{"level":"info","message":"user hit the validateTokenMiddleware","service":"auth-service","timestamp":"2025-08-31T23:08:33.655Z"}
{"level":"info","message":"Attempt to login with oout a token","service":"auth-service","timestamp":"2025-08-31T23:08:33.655Z"}
{"level":"info","message":"request from /v1/contribution/group/groups having a method of GET","service":"auth-service","timestamp":"2025-08-31T23:09:13.423Z"}
{"level":"info","message":"user hit the validateTokenMiddleware","service":"auth-service","timestamp":"2025-08-31T23:09:13.424Z"}
{"code":"ERR_HTTP_INVALID_HEADER_VALUE","level":"error","message":"Proxy error: Invalid value \"undefined\" for header \"x-user-id\"","service":"auth-service","stack":"TypeError: Invalid value \"undefined\" for header \"x-user-id\"\n    at ClientRequest.setHeader (node:_http_outgoing:645:3)\n    at new ClientRequest (node:_http_client:354:14)\n    at Object.request (node:http:102:10)\n    at /Users/home/Desktop/projects/ROSCA/rusca-microservices-server/api-gate-way/node_modules/express-http-proxy/app/steps/sendProxyRequest.js:13:51\n    at new Promise (<anonymous>)\n    at sendProxyRequest (/Users/home/Desktop/projects/ROSCA/rusca-microservices-server/api-gate-way/node_modules/express-http-proxy/app/steps/sendProxyRequest.js:11:10)\n    at processTicksAndRejections (node:internal/process/task_queues:105:5)","timestamp":"2025-08-31T23:09:13.441Z"}
{"level":"info","message":"request from /v1/contribution/group/groups having a method of GET","service":"auth-service","timestamp":"2025-08-31T23:10:37.101Z"}
{"level":"info","message":"user hit the validateTokenMiddleware","service":"auth-service","timestamp":"2025-08-31T23:10:37.103Z"}
{"level":"info","message":"request from /v1/contribution/group/create having a method of POST","service":"auth-service","timestamp":"2025-08-31T23:12:16.387Z"}
{"level":"info","message":"user hit the validateTokenMiddleware","service":"auth-service","timestamp":"2025-08-31T23:12:16.388Z"}
{"level":"info","message":"request from /v1/contribution/group/68b4d6d01eb3c918e9d3a21f having a method of GET","service":"auth-service","timestamp":"2025-08-31T23:13:26.935Z"}
{"level":"info","message":"user hit the validateTokenMiddleware","service":"auth-service","timestamp":"2025-08-31T23:13:26.936Z"}
{"level":"info","message":"request from /v1/contribution/group/groups having a method of GET","service":"auth-service","timestamp":"2025-08-31T23:13:38.714Z"}
{"level":"info","message":"user hit the validateTokenMiddleware","service":"auth-service","timestamp":"2025-08-31T23:13:38.716Z"}
{"level":"info","message":"request from /v1/contribution/group/68b4d6d01eb3c918e9d3a21f having a method of DELETE","service":"auth-service","timestamp":"2025-08-31T23:14:57.187Z"}
{"level":"info","message":"user hit the validateTokenMiddleware","service":"auth-service","timestamp":"2025-08-31T23:14:57.282Z"}
{"level":"info","message":"Attempt to login with oout a token","service":"auth-service","timestamp":"2025-08-31T23:14:57.282Z"}
{"level":"info","message":"request from /v1/contribution/group/68b4d6d01eb3c918e9d3a21f having a method of DELETE","service":"auth-service","timestamp":"2025-08-31T23:15:44.823Z"}
{"level":"info","message":"user hit the validateTokenMiddleware","service":"auth-service","timestamp":"2025-08-31T23:15:44.824Z"}
{"level":"info","message":"request from /v1/contribution/group/groups having a method of GET","service":"auth-service","timestamp":"2025-08-31T23:15:53.360Z"}
{"level":"info","message":"user hit the validateTokenMiddleware","service":"auth-service","timestamp":"2025-08-31T23:15:53.362Z"}
{"level":"info","message":"request from /v1/contribution/group/members/68b4d6d01eb3c918e9d3a21f having a method of GET","service":"auth-service","timestamp":"2025-08-31T23:21:38.769Z"}
{"level":"info","message":"user hit the validateTokenMiddleware","service":"auth-service","timestamp":"2025-08-31T23:21:38.779Z"}
{"level":"info","message":"Attempt to login with oout a token","service":"auth-service","timestamp":"2025-08-31T23:21:38.779Z"}
{"level":"info","message":"request from /v1/contribution/group/members/68b4d6d01eb3c918e9d3a21f having a method of GET","service":"auth-service","timestamp":"2025-08-31T23:22:02.772Z"}
{"level":"info","message":"user hit the validateTokenMiddleware","service":"auth-service","timestamp":"2025-08-31T23:22:02.778Z"}
{"code":"ERR_HTTP_INVALID_HEADER_VALUE","level":"error","message":"Proxy error: Invalid value \"undefined\" for header \"x-user-id\"","service":"auth-service","stack":"TypeError: Invalid value \"undefined\" for header \"x-user-id\"\n    at ClientRequest.setHeader (node:_http_outgoing:645:3)\n    at new ClientRequest (node:_http_client:354:14)\n    at Object.request (node:http:102:10)\n    at /Users/home/Desktop/projects/ROSCA/rusca-microservices-server/api-gate-way/node_modules/express-http-proxy/app/steps/sendProxyRequest.js:13:51\n    at new Promise (<anonymous>)\n    at sendProxyRequest (/Users/home/Desktop/projects/ROSCA/rusca-microservices-server/api-gate-way/node_modules/express-http-proxy/app/steps/sendProxyRequest.js:11:10)\n    at processTicksAndRejections (node:internal/process/task_queues:105:5)","timestamp":"2025-08-31T23:22:02.881Z"}
{"level":"info","message":"request from /v1/contribution/group/members/68b4d6d01eb3c918e9d3a21f having a method of GET","service":"auth-service","timestamp":"2025-08-31T23:22:32.145Z"}
{"level":"info","message":"user hit the validateTokenMiddleware","service":"auth-service","timestamp":"2025-08-31T23:22:32.147Z"}
{"level":"info","message":"request from /v1/contribution/group/groups having a method of GET","service":"auth-service","timestamp":"2025-08-31T23:22:42.476Z"}
{"level":"info","message":"user hit the validateTokenMiddleware","service":"auth-service","timestamp":"2025-08-31T23:22:42.478Z"}
{"level":"info","message":"request from /v1/contribution/group/members/68b4d59200042d4bdd3681d9 having a method of GET","service":"auth-service","timestamp":"2025-08-31T23:22:59.787Z"}
{"level":"info","message":"user hit the validateTokenMiddleware","service":"auth-service","timestamp":"2025-08-31T23:22:59.788Z"}
{"level":"info","message":"request from /v1/contribution/group/members/68b4d59200042d4bdd3681d9 having a method of GET","service":"auth-service","timestamp":"2025-08-31T23:23:37.563Z"}
{"level":"info","message":"user hit the validateTokenMiddleware","service":"auth-service","timestamp":"2025-08-31T23:23:37.565Z"}
{"level":"info","message":"request from /v1/contribution/member/addMember having a method of POST","service":"auth-service","timestamp":"2025-08-31T23:26:11.227Z"}
{"level":"info","message":"user hit the validateTokenMiddleware","service":"auth-service","timestamp":"2025-08-31T23:26:11.229Z"}
{"level":"info","message":"Attempt to login with oout a token","service":"auth-service","timestamp":"2025-08-31T23:26:11.229Z"}
{"level":"info","message":"request from /v1/contribution/member/addMember having a method of POST","service":"auth-service","timestamp":"2025-08-31T23:26:28.371Z"}
{"level":"info","message":"user hit the validateTokenMiddleware","service":"auth-service","timestamp":"2025-08-31T23:26:28.372Z"}
{"code":"ERR_HTTP_INVALID_HEADER_VALUE","level":"error","message":"Proxy error: Invalid value \"undefined\" for header \"x-user-id\"","service":"auth-service","stack":"TypeError: Invalid value \"undefined\" for header \"x-user-id\"\n    at ClientRequest.setHeader (node:_http_outgoing:645:3)\n    at new ClientRequest (node:_http_client:354:14)\n    at Object.request (node:http:102:10)\n    at /Users/home/Desktop/projects/ROSCA/rusca-microservices-server/api-gate-way/node_modules/express-http-proxy/app/steps/sendProxyRequest.js:13:51\n    at new Promise (<anonymous>)\n    at sendProxyRequest (/Users/home/Desktop/projects/ROSCA/rusca-microservices-server/api-gate-way/node_modules/express-http-proxy/app/steps/sendProxyRequest.js:11:10)\n    at processTicksAndRejections (node:internal/process/task_queues:105:5)","timestamp":"2025-08-31T23:26:28.382Z"}
{"level":"info","message":"request from /v1/contribution/member/addMember having a method of POST","service":"auth-service","timestamp":"2025-08-31T23:26:57.534Z"}
{"level":"info","message":"user hit the validateTokenMiddleware","service":"auth-service","timestamp":"2025-08-31T23:26:57.535Z"}
{"level":"info","message":"request from /v1/contribution/member/addMember having a method of POST","service":"auth-service","timestamp":"2025-08-31T23:27:34.919Z"}
{"level":"info","message":"user hit the validateTokenMiddleware","service":"auth-service","timestamp":"2025-08-31T23:27:34.920Z"}
{"level":"info","message":"request from /v1/contribution/member/addMember having a method of POST","service":"auth-service","timestamp":"2025-08-31T23:30:04.164Z"}
{"level":"info","message":"user hit the validateTokenMiddleware","service":"auth-service","timestamp":"2025-08-31T23:30:04.166Z"}
{"level":"info","message":"App at api-gateway started at port 9000","service":"auth-service","timestamp":"2025-08-31T23:34:26.931Z"}
{"level":"info","message":"request from /v1/contribution/member/addMember having a method of POST","service":"auth-service","timestamp":"2025-08-31T23:48:10.798Z"}
{"level":"info","message":"user hit the validateTokenMiddleware","service":"auth-service","timestamp":"2025-08-31T23:48:10.805Z"}
{"level":"info","message":"request from /v1/contribution/member/addMember having a method of POST","service":"auth-service","timestamp":"2025-08-31T23:49:04.248Z"}
{"level":"info","message":"user hit the validateTokenMiddleware","service":"auth-service","timestamp":"2025-08-31T23:49:04.250Z"}
{"level":"info","message":"request from /v1/contribution/member/addMember having a method of POST","service":"auth-service","timestamp":"2025-08-31T23:49:55.686Z"}
{"level":"info","message":"user hit the validateTokenMiddleware","service":"auth-service","timestamp":"2025-08-31T23:49:55.686Z"}
{"level":"info","message":"request from /v1/contribution/member/addMember having a method of POST","service":"auth-service","timestamp":"2025-08-31T23:50:25.481Z"}
{"level":"info","message":"user hit the validateTokenMiddleware","service":"auth-service","timestamp":"2025-08-31T23:50:25.483Z"}
{"level":"info","message":"request from /v1/contribution/member/addMember having a method of POST","service":"auth-service","timestamp":"2025-08-31T23:50:58.604Z"}
{"level":"info","message":"user hit the validateTokenMiddleware","service":"auth-service","timestamp":"2025-08-31T23:50:58.605Z"}
{"level":"info","message":"request from /v1/contribution/member/addMember having a method of POST","service":"auth-service","timestamp":"2025-08-31T23:53:58.862Z"}
{"level":"info","message":"user hit the validateTokenMiddleware","service":"auth-service","timestamp":"2025-08-31T23:53:58.869Z"}
{"level":"info","message":"request from /v1/contribution/member/addMember having a method of POST","service":"auth-service","timestamp":"2025-08-31T23:54:43.553Z"}
{"level":"info","message":"user hit the validateTokenMiddleware","service":"auth-service","timestamp":"2025-08-31T23:54:43.554Z"}
{"level":"info","message":"request from /v1/contribution/group/groups having a method of GET","service":"auth-service","timestamp":"2025-08-31T23:55:22.366Z"}
{"level":"info","message":"user hit the validateTokenMiddleware","service":"auth-service","timestamp":"2025-08-31T23:55:22.367Z"}
{"level":"info","message":"request from /v1/contribution/member/addMember having a method of POST","service":"auth-service","timestamp":"2025-08-31T23:55:51.562Z"}
{"level":"info","message":"user hit the validateTokenMiddleware","service":"auth-service","timestamp":"2025-08-31T23:55:51.565Z"}
{"level":"info","message":"request from /v1/contribution/member/addMember having a method of POST","service":"auth-service","timestamp":"2025-08-31T23:56:46.903Z"}
{"level":"info","message":"user hit the validateTokenMiddleware","service":"auth-service","timestamp":"2025-08-31T23:56:46.904Z"}
{"level":"info","message":"request from /v1/contribution/group/groups having a method of GET","service":"auth-service","timestamp":"2025-08-31T23:57:12.048Z"}
{"level":"info","message":"user hit the validateTokenMiddleware","service":"auth-service","timestamp":"2025-08-31T23:57:12.049Z"}
{"level":"info","message":"request from /v1/contribution/group/groups having a method of GET","service":"auth-service","timestamp":"2025-08-31T23:57:29.329Z"}
{"level":"info","message":"user hit the validateTokenMiddleware","service":"auth-service","timestamp":"2025-08-31T23:57:29.330Z"}
{"level":"info","message":"request from /v1/contribution/member/addMember having a method of POST","service":"auth-service","timestamp":"2025-08-31T23:58:00.686Z"}
{"level":"info","message":"user hit the validateTokenMiddleware","service":"auth-service","timestamp":"2025-08-31T23:58:00.687Z"}
{"level":"info","message":"request from /v1/contribution/member/addMember having a method of POST","service":"auth-service","timestamp":"2025-08-31T23:58:52.242Z"}
{"level":"info","message":"user hit the validateTokenMiddleware","service":"auth-service","timestamp":"2025-08-31T23:58:52.244Z"}
{"level":"info","message":"request from /v1/contribution/member/addMember having a method of POST","service":"auth-service","timestamp":"2025-09-01T00:06:14.130Z"}
{"level":"info","message":"user hit the validateTokenMiddleware","service":"auth-service","timestamp":"2025-09-01T00:06:14.140Z"}
{"level":"info","message":"request from /v1/contribution/member/addMember having a method of POST","service":"auth-service","timestamp":"2025-09-01T00:07:41.842Z"}
{"level":"info","message":"user hit the validateTokenMiddleware","service":"auth-service","timestamp":"2025-09-01T00:07:41.843Z"}
{"level":"info","message":"request from /v1/auth/register having a method of POST","service":"auth-service","timestamp":"2025-09-01T00:08:13.409Z"}
{"level":"info","message":"request from /v1/auth/login having a method of POST","service":"auth-service","timestamp":"2025-09-01T00:08:36.625Z"}
{"level":"info","message":"request from /v1/auth/login having a method of POST","service":"auth-service","timestamp":"2025-09-01T00:09:13.166Z"}
{"level":"info","message":"request from /v1/contribution/member/members/all having a method of GET","service":"auth-service","timestamp":"2025-09-01T00:11:20.827Z"}
{"level":"info","message":"user hit the validateTokenMiddleware","service":"auth-service","timestamp":"2025-09-01T00:11:20.828Z"}
{"level":"info","message":"request from /v1/contribution/member/68b4e376b5adea1d1602f146 having a method of GET","service":"auth-service","timestamp":"2025-09-01T00:13:41.426Z"}
{"level":"info","message":"user hit the validateTokenMiddleware","service":"auth-service","timestamp":"2025-09-01T00:13:41.427Z"}
{"level":"info","message":"request from /v1/contribution/member/68b4e376b5adea1d1602f146 having a method of DELETE","service":"auth-service","timestamp":"2025-09-01T00:14:55.204Z"}
{"level":"info","message":"user hit the validateTokenMiddleware","service":"auth-service","timestamp":"2025-09-01T00:14:55.236Z"}
{"level":"info","message":"request from /v1/contribution/member/68b4e376b5adea1d1602f146 having a method of GET","service":"auth-service","timestamp":"2025-09-01T00:15:06.044Z"}
{"level":"info","message":"user hit the validateTokenMiddleware","service":"auth-service","timestamp":"2025-09-01T00:15:06.045Z"}
{"level":"info","message":"request from /v1/contribution/member/members/all having a method of GET","service":"auth-service","timestamp":"2025-09-01T00:15:11.113Z"}
{"level":"info","message":"user hit the validateTokenMiddleware","service":"auth-service","timestamp":"2025-09-01T00:15:11.116Z"}
{"level":"info","message":"request from /v1/contribution/group/68b4d6d01eb3c918e9d3a21f having a method of DELETE","service":"auth-service","timestamp":"2025-09-01T00:17:43.386Z"}
{"level":"info","message":"user hit the validateTokenMiddleware","service":"auth-service","timestamp":"2025-09-01T00:17:43.387Z"}
{"level":"info","message":"request from /v1/contribution/group/groups having a method of GET","service":"auth-service","timestamp":"2025-09-01T00:18:26.653Z"}
{"level":"info","message":"user hit the validateTokenMiddleware","service":"auth-service","timestamp":"2025-09-01T00:18:26.654Z"}
{"level":"info","message":"request from /v1/contribution/group/68b4d59200042d4bdd3681d9 having a method of DELETE","service":"auth-service","timestamp":"2025-09-01T00:19:19.579Z"}
{"level":"info","message":"user hit the validateTokenMiddleware","service":"auth-service","timestamp":"2025-09-01T00:19:19.583Z"}
{"level":"info","message":"request from /v1/contribution/group/68b4d59200042d4bdd3681d9 having a method of DELETE","service":"auth-service","timestamp":"2025-09-01T00:19:25.568Z"}
{"level":"info","message":"user hit the validateTokenMiddleware","service":"auth-service","timestamp":"2025-09-01T00:19:25.570Z"}
{"level":"info","message":"request from /v1/contribution/member/members/all having a method of GET","service":"auth-service","timestamp":"2025-09-01T00:19:41.956Z"}
{"level":"info","message":"user hit the validateTokenMiddleware","service":"auth-service","timestamp":"2025-09-01T00:19:41.957Z"}
{"level":"info","message":"request from /v1/contribution/member/68b4e376b5adea1d1602f146 having a method of GET","service":"auth-service","timestamp":"2025-09-01T00:20:04.861Z"}
{"level":"info","message":"user hit the validateTokenMiddleware","service":"auth-service","timestamp":"2025-09-01T00:20:04.865Z"}
{"level":"info","message":"request from /v1/contribution/member/68b4e376b5adea1d1602f146 having a method of DELETE","service":"auth-service","timestamp":"2025-09-01T00:20:10.618Z"}
{"level":"info","message":"user hit the validateTokenMiddleware","service":"auth-service","timestamp":"2025-09-01T00:20:10.620Z"}
{"level":"info","message":"request from /v1/contribution/member/addMember having a method of POST","service":"auth-service","timestamp":"2025-09-01T00:21:29.411Z"}
{"level":"info","message":"user hit the validateTokenMiddleware","service":"auth-service","timestamp":"2025-09-01T00:21:29.413Z"}
{"level":"info","message":"request from /v1/auth/login having a method of POST","service":"auth-service","timestamp":"2025-09-02T13:12:22.106Z"}
{"level":"info","message":"request from /v1/auth/login having a method of POST","service":"auth-service","timestamp":"2025-09-02T13:18:49.540Z"}
{"level":"info","message":"request from /v1/auth/login having a method of POST","service":"auth-service","timestamp":"2025-09-02T13:19:00.592Z"}
{"level":"info","message":"request from /v1/auth/login having a method of POST","service":"auth-service","timestamp":"2025-09-02T13:21:20.866Z"}
{"level":"info","message":"request from /v1/auth/login having a method of POST","service":"auth-service","timestamp":"2025-09-02T13:22:23.698Z"}
{"level":"info","message":"request from /v1/auth/login having a method of POST","service":"auth-service","timestamp":"2025-09-02T13:23:42.405Z"}
{"level":"info","message":"request from /v1/auth/login having a method of POST","service":"auth-service","timestamp":"2025-09-02T13:24:53.446Z"}
{"level":"info","message":"request from /v1/auth/login having a method of POST","service":"auth-service","timestamp":"2025-09-02T13:26:25.743Z"}
{"level":"info","message":"request from /v1/auth/login having a method of POST","service":"auth-service","timestamp":"2025-09-02T13:26:55.617Z"}
{"level":"info","message":"request from /v1/auth/login having a method of POST","service":"auth-service","timestamp":"2025-09-02T13:27:33.891Z"}
{"level":"info","message":"request from /v1/auth/login having a method of POST","service":"auth-service","timestamp":"2025-09-02T13:27:38.472Z"}
{"level":"info","message":"request from /v1/auth/login having a method of POST","service":"auth-service","timestamp":"2025-09-02T13:27:38.666Z"}
{"level":"info","message":"request from /v1/auth/login having a method of POST","service":"auth-service","timestamp":"2025-09-02T13:29:14.893Z"}
{"level":"info","message":"request from /v1/auth/login having a method of POST","service":"auth-service","timestamp":"2025-09-02T13:31:38.555Z"}
{"level":"info","message":"request from /v1/auth/login having a method of POST","service":"auth-service","timestamp":"2025-09-02T13:33:57.304Z"}
{"level":"info","message":"request from /v1/auth/login having a method of POST","service":"auth-service","timestamp":"2025-09-02T13:57:20.477Z"}
{"level":"info","message":"request from /v1/auth/login having a method of POST","service":"auth-service","timestamp":"2025-09-02T13:58:28.377Z"}
{"level":"info","message":"request from /v1/auth/login having a method of POST","service":"auth-service","timestamp":"2025-09-02T13:58:35.125Z"}
{"level":"info","message":"request from /v1/auth/login having a method of POST","service":"auth-service","timestamp":"2025-09-02T13:59:13.689Z"}
{"level":"info","message":"request from /v1/auth/login having a method of POST","service":"auth-service","timestamp":"2025-09-02T13:59:25.869Z"}
{"level":"info","message":"request from /v1/auth/login having a method of POST","service":"auth-service","timestamp":"2025-09-02T14:00:02.907Z"}
{"level":"info","message":"request from /v1/auth/login having a method of POST","service":"auth-service","timestamp":"2025-09-02T14:00:19.392Z"}
{"level":"info","message":"request from /v1/auth/register having a method of POST","service":"auth-service","timestamp":"2025-09-02T14:03:34.466Z"}
{"level":"info","message":"request from /v1/auth/login having a method of POST","service":"auth-service","timestamp":"2025-09-02T14:04:04.000Z"}
{"level":"info","message":"request from /v1/auth/login having a method of POST","service":"auth-service","timestamp":"2025-09-02T14:04:12.372Z"}
{"level":"info","message":"request from /v1/auth/forgotpassword having a method of POST","service":"auth-service","timestamp":"2025-09-02T14:04:20.832Z"}
{"level":"info","message":"request from /v1/auth/register having a method of POST","service":"auth-service","timestamp":"2025-09-02T14:04:45.903Z"}
{"level":"info","message":"request from /v1/auth/login having a method of POST","service":"auth-service","timestamp":"2025-09-02T14:05:19.817Z"}
{"level":"info","message":"request from /v1/auth/login having a method of POST","service":"auth-service","timestamp":"2025-09-02T14:07:28.361Z"}
{"level":"info","message":"request from /v1/auth/login having a method of POST","service":"auth-service","timestamp":"2025-09-02T14:09:02.739Z"}
{"level":"info","message":"request from /v1/auth/login having a method of POST","service":"auth-service","timestamp":"2025-09-02T14:09:15.229Z"}
{"level":"info","message":"request from /v1/auth/login having a method of POST","service":"auth-service","timestamp":"2025-09-02T14:10:16.443Z"}
{"level":"info","message":"request from /v1/auth/login having a method of POST","service":"auth-service","timestamp":"2025-09-02T14:25:19.151Z"}
{"level":"info","message":"request from /v1/auth/register having a method of POST","service":"auth-service","timestamp":"2025-09-02T15:55:00.327Z"}
{"level":"info","message":"request from /v1/auth/register having a method of POST","service":"auth-service","timestamp":"2025-09-02T15:57:58.366Z"}
{"level":"info","message":"request from /v1/auth/register having a method of POST","service":"auth-service","timestamp":"2025-09-02T15:58:56.348Z"}
{"level":"info","message":"request from /v1/auth/register having a method of POST","service":"auth-service","timestamp":"2025-09-02T16:01:15.978Z"}
{"level":"info","message":"request from /v1/auth/register having a method of POST","service":"auth-service","timestamp":"2025-09-02T16:01:24.500Z"}
{"level":"info","message":"request from /v1/auth/register having a method of POST","service":"auth-service","timestamp":"2025-09-02T16:05:15.861Z"}
{"level":"info","message":"request from /v1/auth/register having a method of POST","service":"auth-service","timestamp":"2025-09-02T16:05:41.510Z"}
{"level":"info","message":"request from /v1/auth/register having a method of POST","service":"auth-service","timestamp":"2025-09-02T16:07:16.867Z"}
{"level":"info","message":"request from /v1/auth/register having a method of POST","service":"auth-service","timestamp":"2025-09-02T16:08:00.313Z"}
{"level":"info","message":"request from /v1/auth/login having a method of POST","service":"auth-service","timestamp":"2025-09-02T16:09:14.538Z"}
{"level":"info","message":"request from /v1/auth/login having a method of POST","service":"auth-service","timestamp":"2025-09-02T16:09:25.187Z"}
{"level":"info","message":"request from /v1/auth/login having a method of POST","service":"auth-service","timestamp":"2025-09-02T16:09:46.263Z"}
{"level":"info","message":"request from /v1/auth/login having a method of POST","service":"auth-service","timestamp":"2025-09-02T16:10:40.692Z"}
{"level":"info","message":"request from /v1/auth/login having a method of POST","service":"auth-service","timestamp":"2025-09-02T16:12:09.093Z"}
{"level":"info","message":"request from /v1/auth/login having a method of POST","service":"auth-service","timestamp":"2025-09-02T16:14:45.175Z"}
{"level":"info","message":"request from /v1/auth/login having a method of POST","service":"auth-service","timestamp":"2025-09-02T16:17:32.849Z"}
{"level":"info","message":"request from /v1/auth/login having a method of POST","service":"auth-service","timestamp":"2025-09-02T16:19:11.895Z"}
{"level":"info","message":"request from /v1/auth/login having a method of POST","service":"auth-service","timestamp":"2025-09-02T16:20:35.933Z"}
{"level":"info","message":"request from /v1/auth/login having a method of POST","service":"auth-service","timestamp":"2025-09-02T16:29:26.837Z"}
{"level":"info","message":"request from /v1/auth/login having a method of POST","service":"auth-service","timestamp":"2025-09-02T16:29:41.965Z"}
{"level":"info","message":"request from /v1/auth/login having a method of POST","service":"auth-service","timestamp":"2025-09-02T16:30:52.852Z"}
{"level":"info","message":"request from /v1/auth/login having a method of POST","service":"auth-service","timestamp":"2025-09-02T16:32:59.868Z"}
{"level":"info","message":"request from /v1/auth/login having a method of POST","service":"auth-service","timestamp":"2025-09-02T16:33:27.248Z"}
{"level":"info","message":"request from /v1/auth/forgotpassword having a method of POST","service":"auth-service","timestamp":"2025-09-02T16:37:21.521Z"}
{"level":"info","message":"request from /v1/auth/forgotpassword having a method of POST","service":"auth-service","timestamp":"2025-09-02T16:40:48.603Z"}
{"level":"info","message":"request from /v1/auth/forgotpassword having a method of POST","service":"auth-service","timestamp":"2025-09-02T16:41:21.997Z"}
{"level":"info","message":"request from /v1/auth/forgotpassword having a method of POST","service":"auth-service","timestamp":"2025-09-02T16:41:29.464Z"}
{"level":"info","message":"request from /v1/auth/forgotpassword having a method of POST","service":"auth-service","timestamp":"2025-09-02T16:43:07.547Z"}
{"level":"info","message":"request from /v1/auth/forgotpassword having a method of POST","service":"auth-service","timestamp":"2025-09-02T16:44:02.992Z"}
{"level":"info","message":"request from /v1/auth/forgotpassword having a method of POST","service":"auth-service","timestamp":"2025-09-02T16:44:03.605Z"}
{"level":"info","message":"request from /v1/auth/forgotpassword having a method of POST","service":"auth-service","timestamp":"2025-09-02T16:51:20.478Z"}
{"level":"info","message":"request from /v1/auth/forgotpassword having a method of POST","service":"auth-service","timestamp":"2025-09-02T16:51:20.629Z"}
{"level":"info","message":"request from /v1/auth/forgotpassword having a method of POST","service":"auth-service","timestamp":"2025-09-02T16:52:41.802Z"}
{"level":"info","message":"request from /v1/auth/forgotpassword having a method of POST","service":"auth-service","timestamp":"2025-09-02T23:00:11.738Z"}
{"level":"info","message":"request from /v1/auth/forgotpassword having a method of POST","service":"auth-service","timestamp":"2025-09-02T23:00:12.118Z"}
{"level":"info","message":"request from /v1/auth/forgotpassword having a method of POST","service":"auth-service","timestamp":"2025-09-02T23:00:17.326Z"}
{"level":"info","message":"request from /v1/auth/forgotpassword having a method of POST","service":"auth-service","timestamp":"2025-09-02T23:00:47.255Z"}
{"level":"info","message":"request from /v1/auth/forgotpassword having a method of POST","service":"auth-service","timestamp":"2025-09-02T23:00:51.036Z"}
{"level":"info","message":"request from /v1/auth/forgotpassword having a method of POST","service":"auth-service","timestamp":"2025-09-02T23:00:55.615Z"}
{"level":"info","message":"request from /v1/auth/verifyChangePasswordToken having a method of POST","service":"auth-service","timestamp":"2025-09-02T23:15:03.096Z"}
{"level":"info","message":"request from /v1/auth/verifyChangePasswordToken having a method of POST","service":"auth-service","timestamp":"2025-09-02T23:15:40.737Z"}
{"level":"info","message":"request from /v1/auth/verifyChangePasswordToken having a method of POST","service":"auth-service","timestamp":"2025-09-02T23:15:47.584Z"}
{"level":"info","message":"request from /v1/auth/verifyChangePasswordToken having a method of POST","service":"auth-service","timestamp":"2025-09-02T23:26:37.370Z"}
{"level":"info","message":"request from /v1/auth/verifyChangePasswordToken having a method of POST","service":"auth-service","timestamp":"2025-09-02T23:26:41.632Z"}
{"level":"info","message":"request from /v1/auth/forgotpassword having a method of POST","service":"auth-service","timestamp":"2025-09-02T23:26:52.422Z"}
{"level":"info","message":"request from /v1/auth/verifyChangePasswordToken having a method of POST","service":"auth-service","timestamp":"2025-09-02T23:28:04.374Z"}
{"level":"info","message":"request from /v1/auth/verifyChangePasswordToken having a method of POST","service":"auth-service","timestamp":"2025-09-02T23:30:47.302Z"}
{"level":"info","message":"request from /v1/auth/forgotpassword having a method of POST","service":"auth-service","timestamp":"2025-09-02T23:37:04.074Z"}
{"level":"info","message":"request from /v1/auth/verifyChangePasswordToken having a method of POST","service":"auth-service","timestamp":"2025-09-02T23:38:10.620Z"}
{"level":"info","message":"request from /v1/auth/updatepassword having a method of POST","service":"auth-service","timestamp":"2025-09-02T23:39:09.410Z"}
{"level":"info","message":"request from /v1/auth/updatepassword having a method of POST","service":"auth-service","timestamp":"2025-09-02T23:40:16.078Z"}
{"level":"info","message":"request from /v1/auth/updatepassword having a method of POST","service":"auth-service","timestamp":"2025-09-02T23:41:19.123Z"}
{"level":"info","message":"request from /v1/auth/login having a method of POST","service":"auth-service","timestamp":"2025-09-02T23:41:55.332Z"}
{"level":"info","message":"request from /v1/auth/login having a method of POST","service":"auth-service","timestamp":"2025-09-03T01:24:47.514Z"}
{"level":"info","message":"request from /v1/contribution/group/groups having a method of GET","service":"auth-service","timestamp":"2025-09-03T01:24:49.797Z"}
{"level":"info","message":"user hit the validateTokenMiddleware","service":"auth-service","timestamp":"2025-09-03T01:24:49.811Z"}
{"code":"ERR_HTTP_INVALID_HEADER_VALUE","level":"error","message":"Proxy error: Invalid value \"undefined\" for header \"x-user-id\"","service":"auth-service","stack":"TypeError: Invalid value \"undefined\" for header \"x-user-id\"\n    at ClientRequest.setHeader (node:_http_outgoing:645:3)\n    at new ClientRequest (node:_http_client:354:14)\n    at Object.request (node:http:102:10)\n    at /Users/home/Desktop/projects/ROSCA/rusca-microservices-server/api-gate-way/node_modules/express-http-proxy/app/steps/sendProxyRequest.js:13:51\n    at new Promise (<anonymous>)\n    at sendProxyRequest (/Users/home/Desktop/projects/ROSCA/rusca-microservices-server/api-gate-way/node_modules/express-http-proxy/app/steps/sendProxyRequest.js:11:10)\n    at processTicksAndRejections (node:internal/process/task_queues:105:5)","timestamp":"2025-09-03T01:24:50.363Z"}
{"level":"info","message":"request from /v1/contribution/group/groups having a method of GET","service":"auth-service","timestamp":"2025-09-03T01:26:42.444Z"}
{"level":"info","message":"user hit the validateTokenMiddleware","service":"auth-service","timestamp":"2025-09-03T01:26:42.467Z"}
{"code":"ERR_HTTP_INVALID_HEADER_VALUE","level":"error","message":"Proxy error: Invalid value \"undefined\" for header \"x-user-id\"","service":"auth-service","stack":"TypeError: Invalid value \"undefined\" for header \"x-user-id\"\n    at ClientRequest.setHeader (node:_http_outgoing:645:3)\n    at new ClientRequest (node:_http_client:354:14)\n    at Object.request (node:http:102:10)\n    at /Users/home/Desktop/projects/ROSCA/rusca-microservices-server/api-gate-way/node_modules/express-http-proxy/app/steps/sendProxyRequest.js:13:51\n    at new Promise (<anonymous>)\n    at sendProxyRequest (/Users/home/Desktop/projects/ROSCA/rusca-microservices-server/api-gate-way/node_modules/express-http-proxy/app/steps/sendProxyRequest.js:11:10)\n    at processTicksAndRejections (node:internal/process/task_queues:105:5)","timestamp":"2025-09-03T01:26:42.568Z"}
{"level":"info","message":"request from /v1/contribution/group/groups having a method of GET","service":"auth-service","timestamp":"2025-09-03T01:26:49.795Z"}
{"level":"info","message":"user hit the validateTokenMiddleware","service":"auth-service","timestamp":"2025-09-03T01:26:49.802Z"}
{"code":"ERR_HTTP_INVALID_HEADER_VALUE","level":"error","message":"Proxy error: Invalid value \"undefined\" for header \"x-user-id\"","service":"auth-service","stack":"TypeError: Invalid value \"undefined\" for header \"x-user-id\"\n    at ClientRequest.setHeader (node:_http_outgoing:645:3)\n    at new ClientRequest (node:_http_client:354:14)\n    at Object.request (node:http:102:10)\n    at /Users/home/Desktop/projects/ROSCA/rusca-microservices-server/api-gate-way/node_modules/express-http-proxy/app/steps/sendProxyRequest.js:13:51\n    at new Promise (<anonymous>)\n    at sendProxyRequest (/Users/home/Desktop/projects/ROSCA/rusca-microservices-server/api-gate-way/node_modules/express-http-proxy/app/steps/sendProxyRequest.js:11:10)\n    at processTicksAndRejections (node:internal/process/task_queues:105:5)","timestamp":"2025-09-03T01:26:49.829Z"}
{"level":"info","message":"request from /v1/contribution/group/groups having a method of GET","service":"auth-service","timestamp":"2025-09-03T01:27:30.357Z"}
{"level":"info","message":"user hit the validateTokenMiddleware","service":"auth-service","timestamp":"2025-09-03T01:27:30.373Z"}
{"code":"ERR_HTTP_INVALID_HEADER_VALUE","level":"error","message":"Proxy error: Invalid value \"undefined\" for header \"x-user-id\"","service":"auth-service","stack":"TypeError: Invalid value \"undefined\" for header \"x-user-id\"\n    at ClientRequest.setHeader (node:_http_outgoing:645:3)\n    at new ClientRequest (node:_http_client:354:14)\n    at Object.request (node:http:102:10)\n    at /Users/home/Desktop/projects/ROSCA/rusca-microservices-server/api-gate-way/node_modules/express-http-proxy/app/steps/sendProxyRequest.js:13:51\n    at new Promise (<anonymous>)\n    at sendProxyRequest (/Users/home/Desktop/projects/ROSCA/rusca-microservices-server/api-gate-way/node_modules/express-http-proxy/app/steps/sendProxyRequest.js:11:10)\n    at processTicksAndRejections (node:internal/process/task_queues:105:5)","timestamp":"2025-09-03T01:27:30.432Z"}
{"level":"info","message":"request from /v1/auth/login having a method of POST","service":"auth-service","timestamp":"2025-09-03T01:38:16.100Z"}
{"level":"info","message":"request from /v1/contribution/group/groups having a method of GET","service":"auth-service","timestamp":"2025-09-03T01:38:17.144Z"}
{"level":"info","message":"user hit the validateTokenMiddleware","service":"auth-service","timestamp":"2025-09-03T01:38:17.146Z"}
{"code":"ERR_HTTP_INVALID_HEADER_VALUE","level":"error","message":"Proxy error: Invalid value \"undefined\" for header \"x-user-id\"","service":"auth-service","stack":"TypeError: Invalid value \"undefined\" for header \"x-user-id\"\n    at ClientRequest.setHeader (node:_http_outgoing:645:3)\n    at new ClientRequest (node:_http_client:354:14)\n    at Object.request (node:http:102:10)\n    at /Users/home/Desktop/projects/ROSCA/rusca-microservices-server/api-gate-way/node_modules/express-http-proxy/app/steps/sendProxyRequest.js:13:51\n    at new Promise (<anonymous>)\n    at sendProxyRequest (/Users/home/Desktop/projects/ROSCA/rusca-microservices-server/api-gate-way/node_modules/express-http-proxy/app/steps/sendProxyRequest.js:11:10)\n    at processTicksAndRejections (node:internal/process/task_queues:105:5)","timestamp":"2025-09-03T01:38:17.177Z"}
{"level":"info","message":"request from /v1/contribution/group/groups having a method of GET","service":"auth-service","timestamp":"2025-09-03T01:40:41.934Z"}
{"level":"info","message":"user hit the validateTokenMiddleware","service":"auth-service","timestamp":"2025-09-03T01:40:41.950Z"}
{"code":"ERR_HTTP_INVALID_HEADER_VALUE","level":"error","message":"Proxy error: Invalid value \"undefined\" for header \"x-user-id\"","service":"auth-service","stack":"TypeError: Invalid value \"undefined\" for header \"x-user-id\"\n    at ClientRequest.setHeader (node:_http_outgoing:645:3)\n    at new ClientRequest (node:_http_client:354:14)\n    at Object.request (node:http:102:10)\n    at /Users/home/Desktop/projects/ROSCA/rusca-microservices-server/api-gate-way/node_modules/express-http-proxy/app/steps/sendProxyRequest.js:13:51\n    at new Promise (<anonymous>)\n    at sendProxyRequest (/Users/home/Desktop/projects/ROSCA/rusca-microservices-server/api-gate-way/node_modules/express-http-proxy/app/steps/sendProxyRequest.js:11:10)\n    at processTicksAndRejections (node:internal/process/task_queues:105:5)","timestamp":"2025-09-03T01:40:42.010Z"}
{"level":"info","message":"request from /v1/contribution/group/groups having a method of GET","service":"auth-service","timestamp":"2025-09-03T01:40:42.541Z"}
{"level":"info","message":"user hit the validateTokenMiddleware","service":"auth-service","timestamp":"2025-09-03T01:40:42.546Z"}
{"code":"ERR_HTTP_INVALID_HEADER_VALUE","level":"error","message":"Proxy error: Invalid value \"undefined\" for header \"x-user-id\"","service":"auth-service","stack":"TypeError: Invalid value \"undefined\" for header \"x-user-id\"\n    at ClientRequest.setHeader (node:_http_outgoing:645:3)\n    at new ClientRequest (node:_http_client:354:14)\n    at Object.request (node:http:102:10)\n    at /Users/home/Desktop/projects/ROSCA/rusca-microservices-server/api-gate-way/node_modules/express-http-proxy/app/steps/sendProxyRequest.js:13:51\n    at new Promise (<anonymous>)\n    at sendProxyRequest (/Users/home/Desktop/projects/ROSCA/rusca-microservices-server/api-gate-way/node_modules/express-http-proxy/app/steps/sendProxyRequest.js:11:10)\n    at processTicksAndRejections (node:internal/process/task_queues:105:5)","timestamp":"2025-09-03T01:40:42.552Z"}
{"level":"info","message":"request from /v1/contribution/group/groups having a method of GET","service":"auth-service","timestamp":"2025-09-03T01:40:43.490Z"}
{"level":"info","message":"user hit the validateTokenMiddleware","service":"auth-service","timestamp":"2025-09-03T01:40:43.492Z"}
{"code":"ERR_HTTP_INVALID_HEADER_VALUE","level":"error","message":"Proxy error: Invalid value \"undefined\" for header \"x-user-id\"","service":"auth-service","stack":"TypeError: Invalid value \"undefined\" for header \"x-user-id\"\n    at ClientRequest.setHeader (node:_http_outgoing:645:3)\n    at new ClientRequest (node:_http_client:354:14)\n    at Object.request (node:http:102:10)\n    at /Users/home/Desktop/projects/ROSCA/rusca-microservices-server/api-gate-way/node_modules/express-http-proxy/app/steps/sendProxyRequest.js:13:51\n    at new Promise (<anonymous>)\n    at sendProxyRequest (/Users/home/Desktop/projects/ROSCA/rusca-microservices-server/api-gate-way/node_modules/express-http-proxy/app/steps/sendProxyRequest.js:11:10)\n    at processTicksAndRejections (node:internal/process/task_queues:105:5)","timestamp":"2025-09-03T01:40:43.496Z"}
{"level":"info","message":"request from /v1/contribution/group/groups having a method of GET","service":"auth-service","timestamp":"2025-09-03T01:40:43.823Z"}
{"level":"info","message":"user hit the validateTokenMiddleware","service":"auth-service","timestamp":"2025-09-03T01:40:43.824Z"}
{"code":"ERR_HTTP_INVALID_HEADER_VALUE","level":"error","message":"Proxy error: Invalid value \"undefined\" for header \"x-user-id\"","service":"auth-service","stack":"TypeError: Invalid value \"undefined\" for header \"x-user-id\"\n    at ClientRequest.setHeader (node:_http_outgoing:645:3)\n    at new ClientRequest (node:_http_client:354:14)\n    at Object.request (node:http:102:10)\n    at /Users/home/Desktop/projects/ROSCA/rusca-microservices-server/api-gate-way/node_modules/express-http-proxy/app/steps/sendProxyRequest.js:13:51\n    at new Promise (<anonymous>)\n    at sendProxyRequest (/Users/home/Desktop/projects/ROSCA/rusca-microservices-server/api-gate-way/node_modules/express-http-proxy/app/steps/sendProxyRequest.js:11:10)\n    at processTicksAndRejections (node:internal/process/task_queues:105:5)","timestamp":"2025-09-03T01:40:43.825Z"}
{"level":"info","message":"request from /v1/contribution/group/groups having a method of GET","service":"auth-service","timestamp":"2025-09-03T01:40:44.792Z"}
{"level":"info","message":"user hit the validateTokenMiddleware","service":"auth-service","timestamp":"2025-09-03T01:40:44.795Z"}
{"code":"ERR_HTTP_INVALID_HEADER_VALUE","level":"error","message":"Proxy error: Invalid value \"undefined\" for header \"x-user-id\"","service":"auth-service","stack":"TypeError: Invalid value \"undefined\" for header \"x-user-id\"\n    at ClientRequest.setHeader (node:_http_outgoing:645:3)\n    at new ClientRequest (node:_http_client:354:14)\n    at Object.request (node:http:102:10)\n    at /Users/home/Desktop/projects/ROSCA/rusca-microservices-server/api-gate-way/node_modules/express-http-proxy/app/steps/sendProxyRequest.js:13:51\n    at new Promise (<anonymous>)\n    at sendProxyRequest (/Users/home/Desktop/projects/ROSCA/rusca-microservices-server/api-gate-way/node_modules/express-http-proxy/app/steps/sendProxyRequest.js:11:10)\n    at processTicksAndRejections (node:internal/process/task_queues:105:5)","timestamp":"2025-09-03T01:40:44.807Z"}
{"level":"info","message":"request from /v1/contribution/group/groups having a method of GET","service":"auth-service","timestamp":"2025-09-03T01:40:45.446Z"}
{"level":"info","message":"user hit the validateTokenMiddleware","service":"auth-service","timestamp":"2025-09-03T01:40:45.454Z"}
{"code":"ERR_HTTP_INVALID_HEADER_VALUE","level":"error","message":"Proxy error: Invalid value \"undefined\" for header \"x-user-id\"","service":"auth-service","stack":"TypeError: Invalid value \"undefined\" for header \"x-user-id\"\n    at ClientRequest.setHeader (node:_http_outgoing:645:3)\n    at new ClientRequest (node:_http_client:354:14)\n    at Object.request (node:http:102:10)\n    at /Users/home/Desktop/projects/ROSCA/rusca-microservices-server/api-gate-way/node_modules/express-http-proxy/app/steps/sendProxyRequest.js:13:51\n    at new Promise (<anonymous>)\n    at sendProxyRequest (/Users/home/Desktop/projects/ROSCA/rusca-microservices-server/api-gate-way/node_modules/express-http-proxy/app/steps/sendProxyRequest.js:11:10)\n    at processTicksAndRejections (node:internal/process/task_queues:105:5)","timestamp":"2025-09-03T01:40:45.482Z"}
{"level":"info","message":"request from /v1/contribution/group/groups having a method of GET","service":"auth-service","timestamp":"2025-09-03T01:40:52.255Z"}
{"level":"info","message":"user hit the validateTokenMiddleware","service":"auth-service","timestamp":"2025-09-03T01:40:52.259Z"}
{"code":"ERR_HTTP_INVALID_HEADER_VALUE","level":"error","message":"Proxy error: Invalid value \"undefined\" for header \"x-user-id\"","service":"auth-service","stack":"TypeError: Invalid value \"undefined\" for header \"x-user-id\"\n    at ClientRequest.setHeader (node:_http_outgoing:645:3)\n    at new ClientRequest (node:_http_client:354:14)\n    at Object.request (node:http:102:10)\n    at /Users/home/Desktop/projects/ROSCA/rusca-microservices-server/api-gate-way/node_modules/express-http-proxy/app/steps/sendProxyRequest.js:13:51\n    at new Promise (<anonymous>)\n    at sendProxyRequest (/Users/home/Desktop/projects/ROSCA/rusca-microservices-server/api-gate-way/node_modules/express-http-proxy/app/steps/sendProxyRequest.js:11:10)\n    at processTicksAndRejections (node:internal/process/task_queues:105:5)","timestamp":"2025-09-03T01:40:52.273Z"}
{"level":"info","message":"request from /v1/contribution/group/groups having a method of GET","service":"auth-service","timestamp":"2025-09-03T01:40:52.413Z"}
{"level":"info","message":"user hit the validateTokenMiddleware","service":"auth-service","timestamp":"2025-09-03T01:40:52.414Z"}
{"code":"ERR_HTTP_INVALID_HEADER_VALUE","level":"error","message":"Proxy error: Invalid value \"undefined\" for header \"x-user-id\"","service":"auth-service","stack":"TypeError: Invalid value \"undefined\" for header \"x-user-id\"\n    at ClientRequest.setHeader (node:_http_outgoing:645:3)\n    at new ClientRequest (node:_http_client:354:14)\n    at Object.request (node:http:102:10)\n    at /Users/home/Desktop/projects/ROSCA/rusca-microservices-server/api-gate-way/node_modules/express-http-proxy/app/steps/sendProxyRequest.js:13:51\n    at new Promise (<anonymous>)\n    at sendProxyRequest (/Users/home/Desktop/projects/ROSCA/rusca-microservices-server/api-gate-way/node_modules/express-http-proxy/app/steps/sendProxyRequest.js:11:10)\n    at processTicksAndRejections (node:internal/process/task_queues:105:5)","timestamp":"2025-09-03T01:40:52.415Z"}
{"level":"info","message":"request from /v1/contribution/group/groups having a method of GET","service":"auth-service","timestamp":"2025-09-03T01:40:52.883Z"}
{"level":"info","message":"user hit the validateTokenMiddleware","service":"auth-service","timestamp":"2025-09-03T01:40:52.885Z"}
{"code":"ERR_HTTP_INVALID_HEADER_VALUE","level":"error","message":"Proxy error: Invalid value \"undefined\" for header \"x-user-id\"","service":"auth-service","stack":"TypeError: Invalid value \"undefined\" for header \"x-user-id\"\n    at ClientRequest.setHeader (node:_http_outgoing:645:3)\n    at new ClientRequest (node:_http_client:354:14)\n    at Object.request (node:http:102:10)\n    at /Users/home/Desktop/projects/ROSCA/rusca-microservices-server/api-gate-way/node_modules/express-http-proxy/app/steps/sendProxyRequest.js:13:51\n    at new Promise (<anonymous>)\n    at sendProxyRequest (/Users/home/Desktop/projects/ROSCA/rusca-microservices-server/api-gate-way/node_modules/express-http-proxy/app/steps/sendProxyRequest.js:11:10)\n    at processTicksAndRejections (node:internal/process/task_queues:105:5)","timestamp":"2025-09-03T01:40:52.899Z"}
{"level":"info","message":"request from /v1/contribution/group/groups having a method of GET","service":"auth-service","timestamp":"2025-09-03T01:40:53.852Z"}
{"level":"info","message":"user hit the validateTokenMiddleware","service":"auth-service","timestamp":"2025-09-03T01:40:53.865Z"}
{"code":"ERR_HTTP_INVALID_HEADER_VALUE","level":"error","message":"Proxy error: Invalid value \"undefined\" for header \"x-user-id\"","service":"auth-service","stack":"TypeError: Invalid value \"undefined\" for header \"x-user-id\"\n    at ClientRequest.setHeader (node:_http_outgoing:645:3)\n    at new ClientRequest (node:_http_client:354:14)\n    at Object.request (node:http:102:10)\n    at /Users/home/Desktop/projects/ROSCA/rusca-microservices-server/api-gate-way/node_modules/express-http-proxy/app/steps/sendProxyRequest.js:13:51\n    at new Promise (<anonymous>)\n    at sendProxyRequest (/Users/home/Desktop/projects/ROSCA/rusca-microservices-server/api-gate-way/node_modules/express-http-proxy/app/steps/sendProxyRequest.js:11:10)\n    at processTicksAndRejections (node:internal/process/task_queues:105:5)","timestamp":"2025-09-03T01:40:53.928Z"}
{"level":"info","message":"request from /v1/contribution/group/groups having a method of GET","service":"auth-service","timestamp":"2025-09-03T01:40:57.284Z"}
{"level":"info","message":"user hit the validateTokenMiddleware","service":"auth-service","timestamp":"2025-09-03T01:40:57.290Z"}
{"code":"ERR_HTTP_INVALID_HEADER_VALUE","level":"error","message":"Proxy error: Invalid value \"undefined\" for header \"x-user-id\"","service":"auth-service","stack":"TypeError: Invalid value \"undefined\" for header \"x-user-id\"\n    at ClientRequest.setHeader (node:_http_outgoing:645:3)\n    at new ClientRequest (node:_http_client:354:14)\n    at Object.request (node:http:102:10)\n    at /Users/home/Desktop/projects/ROSCA/rusca-microservices-server/api-gate-way/node_modules/express-http-proxy/app/steps/sendProxyRequest.js:13:51\n    at new Promise (<anonymous>)\n    at sendProxyRequest (/Users/home/Desktop/projects/ROSCA/rusca-microservices-server/api-gate-way/node_modules/express-http-proxy/app/steps/sendProxyRequest.js:11:10)\n    at processTicksAndRejections (node:internal/process/task_queues:105:5)","timestamp":"2025-09-03T01:40:57.316Z"}
{"level":"info","message":"request from /v1/contribution/group/groups having a method of GET","service":"auth-service","timestamp":"2025-09-03T01:40:59.630Z"}
{"level":"info","message":"user hit the validateTokenMiddleware","service":"auth-service","timestamp":"2025-09-03T01:40:59.632Z"}
{"code":"ERR_HTTP_INVALID_HEADER_VALUE","level":"error","message":"Proxy error: Invalid value \"undefined\" for header \"x-user-id\"","service":"auth-service","stack":"TypeError: Invalid value \"undefined\" for header \"x-user-id\"\n    at ClientRequest.setHeader (node:_http_outgoing:645:3)\n    at new ClientRequest (node:_http_client:354:14)\n    at Object.request (node:http:102:10)\n    at /Users/home/Desktop/projects/ROSCA/rusca-microservices-server/api-gate-way/node_modules/express-http-proxy/app/steps/sendProxyRequest.js:13:51\n    at new Promise (<anonymous>)\n    at sendProxyRequest (/Users/home/Desktop/projects/ROSCA/rusca-microservices-server/api-gate-way/node_modules/express-http-proxy/app/steps/sendProxyRequest.js:11:10)\n    at processTicksAndRejections (node:internal/process/task_queues:105:5)","timestamp":"2025-09-03T01:40:59.645Z"}
{"level":"info","message":"request from /v1/contribution/group/groups having a method of GET","service":"auth-service","timestamp":"2025-09-03T01:41:00.528Z"}
{"level":"info","message":"user hit the validateTokenMiddleware","service":"auth-service","timestamp":"2025-09-03T01:41:00.529Z"}
{"code":"ERR_HTTP_INVALID_HEADER_VALUE","level":"error","message":"Proxy error: Invalid value \"undefined\" for header \"x-user-id\"","service":"auth-service","stack":"TypeError: Invalid value \"undefined\" for header \"x-user-id\"\n    at ClientRequest.setHeader (node:_http_outgoing:645:3)\n    at new ClientRequest (node:_http_client:354:14)\n    at Object.request (node:http:102:10)\n    at /Users/home/Desktop/projects/ROSCA/rusca-microservices-server/api-gate-way/node_modules/express-http-proxy/app/steps/sendProxyRequest.js:13:51\n    at new Promise (<anonymous>)\n    at sendProxyRequest (/Users/home/Desktop/projects/ROSCA/rusca-microservices-server/api-gate-way/node_modules/express-http-proxy/app/steps/sendProxyRequest.js:11:10)\n    at processTicksAndRejections (node:internal/process/task_queues:105:5)","timestamp":"2025-09-03T01:41:00.544Z"}
{"level":"info","message":"request from /v1/contribution/group/groups having a method of GET","service":"auth-service","timestamp":"2025-09-03T01:41:03.435Z"}
{"level":"info","message":"user hit the validateTokenMiddleware","service":"auth-service","timestamp":"2025-09-03T01:41:03.442Z"}
{"code":"ERR_HTTP_INVALID_HEADER_VALUE","level":"error","message":"Proxy error: Invalid value \"undefined\" for header \"x-user-id\"","service":"auth-service","stack":"TypeError: Invalid value \"undefined\" for header \"x-user-id\"\n    at ClientRequest.setHeader (node:_http_outgoing:645:3)\n    at new ClientRequest (node:_http_client:354:14)\n    at Object.request (node:http:102:10)\n    at /Users/home/Desktop/projects/ROSCA/rusca-microservices-server/api-gate-way/node_modules/express-http-proxy/app/steps/sendProxyRequest.js:13:51\n    at new Promise (<anonymous>)\n    at sendProxyRequest (/Users/home/Desktop/projects/ROSCA/rusca-microservices-server/api-gate-way/node_modules/express-http-proxy/app/steps/sendProxyRequest.js:11:10)\n    at processTicksAndRejections (node:internal/process/task_queues:105:5)","timestamp":"2025-09-03T01:41:03.454Z"}
{"level":"info","message":"App at api-gateway started at port 9000","service":"auth-service","timestamp":"2025-09-03T01:44:31.372Z"}
{"level":"info","message":"App at api-gateway started at port 9000","service":"auth-service","timestamp":"2025-09-03T01:44:35.956Z"}
{"level":"info","message":"App at api-gateway started at port 9000","service":"auth-service","timestamp":"2025-09-03T01:44:38.042Z"}
{"level":"info","message":"App at api-gateway started at port 9000","service":"auth-service","timestamp":"2025-09-03T01:44:45.769Z"}
{"level":"info","message":"request from /v1/auth/login having a method of POST","service":"auth-service","timestamp":"2025-09-03T01:46:25.545Z"}
{"level":"info","message":"request from /v1/contribution/group/groups having a method of GET","service":"auth-service","timestamp":"2025-09-03T01:46:26.557Z"}
{"level":"info","message":"user hit the validateTokenMiddleware","service":"auth-service","timestamp":"2025-09-03T01:46:26.565Z"}
{"code":"ERR_HTTP_INVALID_HEADER_VALUE","level":"error","message":"Proxy error: Invalid value \"undefined\" for header \"x-user-id\"","service":"auth-service","stack":"TypeError: Invalid value \"undefined\" for header \"x-user-id\"\n    at ClientRequest.setHeader (node:_http_outgoing:645:3)\n    at new ClientRequest (node:_http_client:354:14)\n    at Object.request (node:http:102:10)\n    at /Users/home/Desktop/projects/ROSCA/rusca-microservices-server/api-gate-way/node_modules/express-http-proxy/app/steps/sendProxyRequest.js:13:51\n    at new Promise (<anonymous>)\n    at sendProxyRequest (/Users/home/Desktop/projects/ROSCA/rusca-microservices-server/api-gate-way/node_modules/express-http-proxy/app/steps/sendProxyRequest.js:11:10)\n    at processTicksAndRejections (node:internal/process/task_queues:105:5)","timestamp":"2025-09-03T01:46:26.603Z"}
{"level":"info","message":"request from /v1/contribution/group/groups having a method of GET","service":"auth-service","timestamp":"2025-09-03T01:50:06.250Z"}
{"level":"info","message":"user hit the validateTokenMiddleware","service":"auth-service","timestamp":"2025-09-03T01:50:06.260Z"}
{"level":"info","message":"request from /v1/auth/login having a method of POST","service":"auth-service","timestamp":"2025-09-03T01:50:52.563Z"}
{"level":"info","message":"request from /v1/contribution/group/groups having a method of GET","service":"auth-service","timestamp":"2025-09-03T01:50:53.730Z"}
{"level":"info","message":"user hit the validateTokenMiddleware","service":"auth-service","timestamp":"2025-09-03T01:50:53.733Z"}
{"level":"info","message":"App at api-gateway started at port 9000","service":"auth-service","timestamp":"2025-09-03T01:52:11.053Z"}
{"level":"info","message":"request from /v1/contribution/group/groups having a method of GET","service":"auth-service","timestamp":"2025-09-03T01:52:36.425Z"}
{"level":"info","message":"user hit the validateTokenMiddleware","service":"auth-service","timestamp":"2025-09-03T01:52:36.429Z"}
{"level":"info","message":"request from /v1/contribution/group/groups having a method of GET","service":"auth-service","timestamp":"2025-09-03T01:52:42.247Z"}
{"level":"info","message":"user hit the validateTokenMiddleware","service":"auth-service","timestamp":"2025-09-03T01:52:42.250Z"}
{"level":"info","message":"request from /v1/contribution/group/groups having a method of GET","service":"auth-service","timestamp":"2025-09-03T01:52:42.702Z"}
{"level":"info","message":"user hit the validateTokenMiddleware","service":"auth-service","timestamp":"2025-09-03T01:52:42.703Z"}
{"level":"info","message":"request from /v1/contribution/group/groups having a method of GET","service":"auth-service","timestamp":"2025-09-03T01:54:39.227Z"}
{"level":"info","message":"user hit the validateTokenMiddleware","service":"auth-service","timestamp":"2025-09-03T01:54:39.230Z"}
{"level":"info","message":"request from /v1/auth/login having a method of POST","service":"auth-service","timestamp":"2025-09-03T01:58:13.933Z"}
{"level":"info","message":"request from /v1/auth/login having a method of POST","service":"auth-service","timestamp":"2025-09-03T01:58:27.157Z"}
{"level":"info","message":"request from /v1/contribution/group/create having a method of POST","service":"auth-service","timestamp":"2025-09-03T01:59:50.510Z"}
{"level":"info","message":"user hit the validateTokenMiddleware","service":"auth-service","timestamp":"2025-09-03T01:59:50.517Z"}
{"level":"info","message":"request from /v1/contribution/group/create having a method of POST","service":"auth-service","timestamp":"2025-09-03T02:00:37.961Z"}
{"level":"info","message":"user hit the validateTokenMiddleware","service":"auth-service","timestamp":"2025-09-03T02:00:37.966Z"}
{"level":"info","message":"request from /v1/auth/login having a method of POST","service":"auth-service","timestamp":"2025-09-03T02:01:45.954Z"}
{"level":"info","message":"request from /v1/auth/login having a method of POST","service":"auth-service","timestamp":"2025-09-03T02:02:03.210Z"}
{"level":"info","message":"request from /v1/contribution/group/groups having a method of GET","service":"auth-service","timestamp":"2025-09-03T02:02:04.894Z"}
{"level":"info","message":"user hit the validateTokenMiddleware","service":"auth-service","timestamp":"2025-09-03T02:02:04.899Z"}
{"level":"info","message":"request from /v1/contribution/group/groups having a method of GET","service":"auth-service","timestamp":"2025-09-03T02:04:51.462Z"}
{"level":"info","message":"user hit the validateTokenMiddleware","service":"auth-service","timestamp":"2025-09-03T02:04:51.471Z"}
{"level":"info","message":"request from /v1/contribution/group/groups having a method of GET","service":"auth-service","timestamp":"2025-09-03T02:04:54.575Z"}
{"level":"info","message":"user hit the validateTokenMiddleware","service":"auth-service","timestamp":"2025-09-03T02:04:54.577Z"}
{"level":"info","message":"request from /v1/contribution/group/groups having a method of GET","service":"auth-service","timestamp":"2025-09-03T02:22:32.714Z"}
{"level":"info","message":"user hit the validateTokenMiddleware","service":"auth-service","timestamp":"2025-09-03T02:22:32.731Z"}
{"level":"info","message":"request from /v1/auth/login having a method of POST","service":"auth-service","timestamp":"2025-09-03T02:48:17.698Z"}
{"level":"info","message":"request from /v1/contribution/group/groups having a method of GET","service":"auth-service","timestamp":"2025-09-03T02:48:18.505Z"}
{"level":"info","message":"user hit the validateTokenMiddleware","service":"auth-service","timestamp":"2025-09-03T02:48:18.510Z"}
{"level":"info","message":"request from /v1/contribution/group/groups having a method of GET","service":"auth-service","timestamp":"2025-09-03T02:48:18.763Z"}
{"level":"info","message":"user hit the validateTokenMiddleware","service":"auth-service","timestamp":"2025-09-03T02:48:18.764Z"}
{"level":"info","message":"request from /v1/contribution/group/groups having a method of GET","service":"auth-service","timestamp":"2025-09-03T02:48:47.588Z"}
{"level":"info","message":"user hit the validateTokenMiddleware","service":"auth-service","timestamp":"2025-09-03T02:48:47.591Z"}
{"level":"info","message":"request from /v1/contribution/group/groups having a method of GET","service":"auth-service","timestamp":"2025-09-03T02:49:01.973Z"}
{"level":"info","message":"user hit the validateTokenMiddleware","service":"auth-service","timestamp":"2025-09-03T02:49:01.976Z"}
{"level":"info","message":"request from /v1/contribution/group/groups having a method of GET","service":"auth-service","timestamp":"2025-09-03T02:49:07.100Z"}
{"level":"info","message":"user hit the validateTokenMiddleware","service":"auth-service","timestamp":"2025-09-03T02:49:07.103Z"}
{"level":"info","message":"request from /v1/contribution/group/groups having a method of GET","service":"auth-service","timestamp":"2025-09-03T02:49:41.884Z"}
{"level":"info","message":"user hit the validateTokenMiddleware","service":"auth-service","timestamp":"2025-09-03T02:49:41.886Z"}
{"level":"info","message":"request from /v1/contribution/group/groups having a method of GET","service":"auth-service","timestamp":"2025-09-03T02:50:07.417Z"}
{"level":"info","message":"user hit the validateTokenMiddleware","service":"auth-service","timestamp":"2025-09-03T02:50:07.418Z"}
{"level":"info","message":"request from /v1/contribution/group/groups having a method of GET","service":"auth-service","timestamp":"2025-09-03T02:50:48.317Z"}
{"level":"info","message":"user hit the validateTokenMiddleware","service":"auth-service","timestamp":"2025-09-03T02:50:48.319Z"}
{"level":"info","message":"request from /v1/contribution/group/groups having a method of GET","service":"auth-service","timestamp":"2025-09-03T02:52:32.681Z"}
{"level":"info","message":"user hit the validateTokenMiddleware","service":"auth-service","timestamp":"2025-09-03T02:52:32.695Z"}
{"level":"info","message":"request from /v1/contribution/group/groups having a method of GET","service":"auth-service","timestamp":"2025-09-03T02:52:32.991Z"}
{"level":"info","message":"user hit the validateTokenMiddleware","service":"auth-service","timestamp":"2025-09-03T02:52:32.994Z"}
{"level":"info","message":"request from /v1/contribution/group/groups having a method of GET","service":"auth-service","timestamp":"2025-09-03T02:52:34.746Z"}
{"level":"info","message":"user hit the validateTokenMiddleware","service":"auth-service","timestamp":"2025-09-03T02:52:34.748Z"}
{"level":"info","message":"request from /v1/contribution/group/groups having a method of GET","service":"auth-service","timestamp":"2025-09-03T02:52:43.809Z"}
{"level":"info","message":"user hit the validateTokenMiddleware","service":"auth-service","timestamp":"2025-09-03T02:52:43.810Z"}
{"level":"info","message":"request from /v1/contribution/group/groups having a method of GET","service":"auth-service","timestamp":"2025-09-03T02:52:58.300Z"}
{"level":"info","message":"user hit the validateTokenMiddleware","service":"auth-service","timestamp":"2025-09-03T02:52:58.306Z"}
{"level":"info","message":"request from /v1/contribution/group/groups having a method of GET","service":"auth-service","timestamp":"2025-09-03T02:53:34.400Z"}
{"level":"info","message":"user hit the validateTokenMiddleware","service":"auth-service","timestamp":"2025-09-03T02:53:34.406Z"}
{"level":"info","message":"request from /v1/contribution/group/groups having a method of GET","service":"auth-service","timestamp":"2025-09-03T02:53:48.224Z"}
{"level":"info","message":"user hit the validateTokenMiddleware","service":"auth-service","timestamp":"2025-09-03T02:53:48.226Z"}
{"level":"info","message":"request from /v1/contribution/group/groups having a method of GET","service":"auth-service","timestamp":"2025-09-03T12:25:31.412Z"}
{"level":"info","message":"user hit the validateTokenMiddleware","service":"auth-service","timestamp":"2025-09-03T12:25:31.430Z"}
{"level":"info","message":"request from /v1/contribution/group/groups having a method of GET","service":"auth-service","timestamp":"2025-09-03T12:25:31.545Z"}
{"level":"info","message":"user hit the validateTokenMiddleware","service":"auth-service","timestamp":"2025-09-03T12:25:31.546Z"}
{"level":"info","message":"request from /v1/contribution/group/groups having a method of GET","service":"auth-service","timestamp":"2025-09-03T12:25:35.732Z"}
{"level":"info","message":"user hit the validateTokenMiddleware","service":"auth-service","timestamp":"2025-09-03T12:25:35.739Z"}
{"level":"info","message":"request from /v1/contribution/group/groups having a method of GET","service":"auth-service","timestamp":"2025-09-03T12:25:35.767Z"}
{"level":"info","message":"user hit the validateTokenMiddleware","service":"auth-service","timestamp":"2025-09-03T12:25:35.767Z"}
{"level":"info","message":"request from /v1/contribution/group/groups having a method of GET","service":"auth-service","timestamp":"2025-09-03T12:27:16.937Z"}
{"level":"info","message":"user hit the validateTokenMiddleware","service":"auth-service","timestamp":"2025-09-03T12:27:16.953Z"}
{"level":"info","message":"request from /v1/contribution/group/groups having a method of GET","service":"auth-service","timestamp":"2025-09-03T12:27:17.018Z"}
{"level":"info","message":"user hit the validateTokenMiddleware","service":"auth-service","timestamp":"2025-09-03T12:27:17.019Z"}
{"level":"info","message":"request from /v1/contribution/group/groups having a method of GET","service":"auth-service","timestamp":"2025-09-03T12:27:19.222Z"}
{"level":"info","message":"user hit the validateTokenMiddleware","service":"auth-service","timestamp":"2025-09-03T12:27:19.225Z"}
{"level":"info","message":"request from /v1/contribution/group/groups having a method of GET","service":"auth-service","timestamp":"2025-09-03T12:27:19.331Z"}
{"level":"info","message":"user hit the validateTokenMiddleware","service":"auth-service","timestamp":"2025-09-03T12:27:19.333Z"}
{"level":"info","message":"request from /v1/contribution/group/groups having a method of GET","service":"auth-service","timestamp":"2025-09-03T12:27:21.621Z"}
{"level":"info","message":"user hit the validateTokenMiddleware","service":"auth-service","timestamp":"2025-09-03T12:27:21.624Z"}
{"level":"info","message":"request from /v1/contribution/group/groups having a method of GET","service":"auth-service","timestamp":"2025-09-03T12:27:21.645Z"}
{"level":"info","message":"user hit the validateTokenMiddleware","service":"auth-service","timestamp":"2025-09-03T12:27:21.645Z"}
{"level":"info","message":"request from /v1/contribution/group/groups having a method of GET","service":"auth-service","timestamp":"2025-09-03T12:27:23.498Z"}
{"level":"info","message":"user hit the validateTokenMiddleware","service":"auth-service","timestamp":"2025-09-03T12:27:23.499Z"}
{"level":"info","message":"request from /v1/contribution/group/groups having a method of GET","service":"auth-service","timestamp":"2025-09-03T12:27:23.507Z"}
{"level":"info","message":"user hit the validateTokenMiddleware","service":"auth-service","timestamp":"2025-09-03T12:27:23.507Z"}
{"level":"info","message":"request from /v1/contribution/group/groups having a method of GET","service":"auth-service","timestamp":"2025-09-03T12:27:27.496Z"}
{"level":"info","message":"user hit the validateTokenMiddleware","service":"auth-service","timestamp":"2025-09-03T12:27:27.497Z"}
{"level":"info","message":"request from /v1/contribution/group/groups having a method of GET","service":"auth-service","timestamp":"2025-09-03T12:27:27.519Z"}
{"level":"info","message":"user hit the validateTokenMiddleware","service":"auth-service","timestamp":"2025-09-03T12:27:27.520Z"}
{"level":"info","message":"request from /v1/contribution/group/groups having a method of GET","service":"auth-service","timestamp":"2025-09-03T12:27:51.419Z"}
{"level":"info","message":"user hit the validateTokenMiddleware","service":"auth-service","timestamp":"2025-09-03T12:27:51.423Z"}
{"level":"info","message":"request from /v1/contribution/group/groups having a method of GET","service":"auth-service","timestamp":"2025-09-03T12:27:51.432Z"}
{"level":"info","message":"user hit the validateTokenMiddleware","service":"auth-service","timestamp":"2025-09-03T12:27:51.432Z"}
{"level":"info","message":"request from /v1/contribution/group/groups having a method of GET","service":"auth-service","timestamp":"2025-09-03T12:27:55.756Z"}
{"level":"info","message":"user hit the validateTokenMiddleware","service":"auth-service","timestamp":"2025-09-03T12:27:55.757Z"}
{"level":"info","message":"request from /v1/contribution/group/groups having a method of GET","service":"auth-service","timestamp":"2025-09-03T12:27:55.764Z"}
{"level":"info","message":"user hit the validateTokenMiddleware","service":"auth-service","timestamp":"2025-09-03T12:27:55.764Z"}
{"level":"info","message":"request from /v1/contribution/group/groups having a method of GET","service":"auth-service","timestamp":"2025-09-03T12:27:59.466Z"}
{"level":"info","message":"user hit the validateTokenMiddleware","service":"auth-service","timestamp":"2025-09-03T12:27:59.468Z"}
{"level":"info","message":"request from /v1/contribution/group/groups having a method of GET","service":"auth-service","timestamp":"2025-09-03T12:27:59.476Z"}
{"level":"info","message":"user hit the validateTokenMiddleware","service":"auth-service","timestamp":"2025-09-03T12:27:59.476Z"}
{"level":"info","message":"request from /v1/contribution/group/groups having a method of GET","service":"auth-service","timestamp":"2025-09-03T12:28:00.557Z"}
{"level":"info","message":"user hit the validateTokenMiddleware","service":"auth-service","timestamp":"2025-09-03T12:28:00.558Z"}
{"level":"info","message":"request from /v1/contribution/group/groups having a method of GET","service":"auth-service","timestamp":"2025-09-03T12:28:00.560Z"}
{"level":"info","message":"user hit the validateTokenMiddleware","service":"auth-service","timestamp":"2025-09-03T12:28:00.560Z"}
{"level":"info","message":"request from /v1/contribution/group/groups having a method of GET","service":"auth-service","timestamp":"2025-09-03T12:28:02.976Z"}
{"level":"info","message":"user hit the validateTokenMiddleware","service":"auth-service","timestamp":"2025-09-03T12:28:02.978Z"}
{"level":"info","message":"request from /v1/contribution/group/groups having a method of GET","service":"auth-service","timestamp":"2025-09-03T12:28:02.993Z"}
{"level":"info","message":"user hit the validateTokenMiddleware","service":"auth-service","timestamp":"2025-09-03T12:28:02.994Z"}
{"level":"info","message":"request from /v1/contribution/group/groups having a method of GET","service":"auth-service","timestamp":"2025-09-03T12:28:44.641Z"}
{"level":"info","message":"user hit the validateTokenMiddleware","service":"auth-service","timestamp":"2025-09-03T12:28:44.643Z"}
{"level":"info","message":"request from /v1/contribution/group/groups having a method of GET","service":"auth-service","timestamp":"2025-09-03T12:28:44.676Z"}
{"level":"info","message":"user hit the validateTokenMiddleware","service":"auth-service","timestamp":"2025-09-03T12:28:44.677Z"}
{"level":"info","message":"request from /v1/contribution/group/groups having a method of GET","service":"auth-service","timestamp":"2025-09-03T12:28:52.259Z"}
{"level":"info","message":"user hit the validateTokenMiddleware","service":"auth-service","timestamp":"2025-09-03T12:28:52.259Z"}
{"level":"info","message":"request from /v1/contribution/group/groups having a method of GET","service":"auth-service","timestamp":"2025-09-03T12:28:52.264Z"}
{"level":"info","message":"user hit the validateTokenMiddleware","service":"auth-service","timestamp":"2025-09-03T12:28:52.264Z"}
{"level":"info","message":"request from /v1/contribution/group/groups having a method of GET","service":"auth-service","timestamp":"2025-09-03T12:28:53.426Z"}
{"level":"info","message":"user hit the validateTokenMiddleware","service":"auth-service","timestamp":"2025-09-03T12:28:53.427Z"}
{"level":"info","message":"request from /v1/contribution/group/groups having a method of GET","service":"auth-service","timestamp":"2025-09-03T12:28:53.432Z"}
{"level":"info","message":"user hit the validateTokenMiddleware","service":"auth-service","timestamp":"2025-09-03T12:28:53.432Z"}
{"level":"info","message":"request from /v1/contribution/group/groups having a method of GET","service":"auth-service","timestamp":"2025-09-03T12:29:02.702Z"}
{"level":"info","message":"user hit the validateTokenMiddleware","service":"auth-service","timestamp":"2025-09-03T12:29:02.706Z"}
{"level":"info","message":"request from /v1/contribution/group/groups having a method of GET","service":"auth-service","timestamp":"2025-09-03T12:29:02.852Z"}
{"level":"info","message":"user hit the validateTokenMiddleware","service":"auth-service","timestamp":"2025-09-03T12:29:02.855Z"}
{"level":"info","message":"request from /v1/contribution/group/groups having a method of GET","service":"auth-service","timestamp":"2025-09-03T12:29:13.340Z"}
{"level":"info","message":"user hit the validateTokenMiddleware","service":"auth-service","timestamp":"2025-09-03T12:29:13.345Z"}
{"level":"info","message":"request from /v1/contribution/group/groups having a method of GET","service":"auth-service","timestamp":"2025-09-03T12:29:13.365Z"}
{"level":"info","message":"user hit the validateTokenMiddleware","service":"auth-service","timestamp":"2025-09-03T12:29:13.367Z"}
{"level":"info","message":"request from /v1/contribution/group/groups having a method of GET","service":"auth-service","timestamp":"2025-09-03T12:29:15.413Z"}
{"level":"info","message":"user hit the validateTokenMiddleware","service":"auth-service","timestamp":"2025-09-03T12:29:15.415Z"}
{"level":"info","message":"request from /v1/contribution/group/groups having a method of GET","service":"auth-service","timestamp":"2025-09-03T12:29:15.422Z"}
{"level":"info","message":"user hit the validateTokenMiddleware","service":"auth-service","timestamp":"2025-09-03T12:29:15.425Z"}
{"level":"info","message":"request from /v1/contribution/group/groups having a method of GET","service":"auth-service","timestamp":"2025-09-03T12:29:18.001Z"}
{"level":"info","message":"user hit the validateTokenMiddleware","service":"auth-service","timestamp":"2025-09-03T12:29:18.002Z"}
{"level":"info","message":"request from /v1/contribution/group/groups having a method of GET","service":"auth-service","timestamp":"2025-09-03T12:29:18.007Z"}
{"level":"info","message":"user hit the validateTokenMiddleware","service":"auth-service","timestamp":"2025-09-03T12:29:18.007Z"}
{"level":"info","message":"request from /v1/contribution/group/groups having a method of GET","service":"auth-service","timestamp":"2025-09-03T12:29:18.996Z"}
{"level":"info","message":"user hit the validateTokenMiddleware","service":"auth-service","timestamp":"2025-09-03T12:29:18.999Z"}
{"level":"info","message":"request from /v1/contribution/group/groups having a method of GET","service":"auth-service","timestamp":"2025-09-03T12:29:19.001Z"}
{"level":"info","message":"user hit the validateTokenMiddleware","service":"auth-service","timestamp":"2025-09-03T12:29:19.001Z"}
{"level":"info","message":"request from /v1/contribution/group/groups having a method of GET","service":"auth-service","timestamp":"2025-09-03T12:29:22.059Z"}
{"level":"info","message":"user hit the validateTokenMiddleware","service":"auth-service","timestamp":"2025-09-03T12:29:22.062Z"}
{"level":"info","message":"request from /v1/contribution/group/groups having a method of GET","service":"auth-service","timestamp":"2025-09-03T12:29:22.069Z"}
{"level":"info","message":"user hit the validateTokenMiddleware","service":"auth-service","timestamp":"2025-09-03T12:29:22.069Z"}
{"level":"info","message":"request from /v1/contribution/group/groups having a method of GET","service":"auth-service","timestamp":"2025-09-03T12:29:22.936Z"}
{"level":"info","message":"user hit the validateTokenMiddleware","service":"auth-service","timestamp":"2025-09-03T12:29:22.937Z"}
{"level":"info","message":"request from /v1/contribution/group/groups having a method of GET","service":"auth-service","timestamp":"2025-09-03T12:29:22.957Z"}
{"level":"info","message":"user hit the validateTokenMiddleware","service":"auth-service","timestamp":"2025-09-03T12:29:22.957Z"}
{"level":"info","message":"request from /v1/contribution/group/groups having a method of GET","service":"auth-service","timestamp":"2025-09-03T12:29:52.386Z"}
{"level":"info","message":"user hit the validateTokenMiddleware","service":"auth-service","timestamp":"2025-09-03T12:29:52.392Z"}
{"level":"info","message":"request from /v1/contribution/group/groups having a method of GET","service":"auth-service","timestamp":"2025-09-03T12:29:52.405Z"}
{"level":"info","message":"user hit the validateTokenMiddleware","service":"auth-service","timestamp":"2025-09-03T12:29:52.405Z"}
{"level":"info","message":"request from /v1/contribution/group/groups having a method of GET","service":"auth-service","timestamp":"2025-09-03T12:29:53.314Z"}
{"level":"info","message":"user hit the validateTokenMiddleware","service":"auth-service","timestamp":"2025-09-03T12:29:53.314Z"}
{"level":"info","message":"request from /v1/contribution/group/groups having a method of GET","service":"auth-service","timestamp":"2025-09-03T12:29:53.317Z"}
{"level":"info","message":"user hit the validateTokenMiddleware","service":"auth-service","timestamp":"2025-09-03T12:29:53.317Z"}
{"level":"info","message":"request from /v1/contribution/group/groups having a method of GET","service":"auth-service","timestamp":"2025-09-03T12:30:04.494Z"}
{"level":"info","message":"user hit the validateTokenMiddleware","service":"auth-service","timestamp":"2025-09-03T12:30:04.496Z"}
{"level":"info","message":"request from /v1/contribution/group/groups having a method of GET","service":"auth-service","timestamp":"2025-09-03T12:30:04.507Z"}
{"level":"info","message":"user hit the validateTokenMiddleware","service":"auth-service","timestamp":"2025-09-03T12:30:04.507Z"}
{"level":"info","message":"request from /v1/contribution/group/groups having a method of GET","service":"auth-service","timestamp":"2025-09-03T12:30:04.963Z"}
{"level":"info","message":"user hit the validateTokenMiddleware","service":"auth-service","timestamp":"2025-09-03T12:30:04.964Z"}
{"level":"info","message":"request from /v1/contribution/group/groups having a method of GET","service":"auth-service","timestamp":"2025-09-03T12:30:04.977Z"}
{"level":"info","message":"user hit the validateTokenMiddleware","service":"auth-service","timestamp":"2025-09-03T12:30:04.977Z"}
{"level":"info","message":"request from /v1/contribution/group/groups having a method of GET","service":"auth-service","timestamp":"2025-09-03T12:32:56.513Z"}
{"level":"info","message":"user hit the validateTokenMiddleware","service":"auth-service","timestamp":"2025-09-03T12:32:56.517Z"}
{"level":"info","message":"request from /v1/contribution/group/groups having a method of GET","service":"auth-service","timestamp":"2025-09-03T12:32:56.568Z"}
{"level":"info","message":"user hit the validateTokenMiddleware","service":"auth-service","timestamp":"2025-09-03T12:32:56.568Z"}
{"level":"info","message":"request from /v1/contribution/group/groups having a method of GET","service":"auth-service","timestamp":"2025-09-03T12:34:18.176Z"}
{"level":"info","message":"user hit the validateTokenMiddleware","service":"auth-service","timestamp":"2025-09-03T12:34:18.185Z"}
{"level":"info","message":"request from /v1/contribution/group/groups having a method of GET","service":"auth-service","timestamp":"2025-09-03T12:34:18.214Z"}
{"level":"info","message":"user hit the validateTokenMiddleware","service":"auth-service","timestamp":"2025-09-03T12:34:18.215Z"}
{"level":"info","message":"request from /v1/contribution/group/groups having a method of GET","service":"auth-service","timestamp":"2025-09-03T12:34:19.086Z"}
{"level":"info","message":"user hit the validateTokenMiddleware","service":"auth-service","timestamp":"2025-09-03T12:34:19.087Z"}
{"level":"info","message":"request from /v1/contribution/group/groups having a method of GET","service":"auth-service","timestamp":"2025-09-03T12:34:19.092Z"}
{"level":"info","message":"user hit the validateTokenMiddleware","service":"auth-service","timestamp":"2025-09-03T12:34:19.093Z"}
{"level":"info","message":"request from /v1/contribution/group/groups having a method of GET","service":"auth-service","timestamp":"2025-09-03T12:34:24.181Z"}
{"level":"info","message":"user hit the validateTokenMiddleware","service":"auth-service","timestamp":"2025-09-03T12:34:24.183Z"}
{"level":"info","message":"request from /v1/contribution/group/groups having a method of GET","service":"auth-service","timestamp":"2025-09-03T12:34:24.185Z"}
{"level":"info","message":"user hit the validateTokenMiddleware","service":"auth-service","timestamp":"2025-09-03T12:34:24.185Z"}
{"level":"info","message":"request from /v1/contribution/group/groups having a method of GET","service":"auth-service","timestamp":"2025-09-03T12:35:11.240Z"}
{"level":"info","message":"user hit the validateTokenMiddleware","service":"auth-service","timestamp":"2025-09-03T12:35:11.241Z"}
{"level":"info","message":"request from /v1/contribution/group/groups having a method of GET","service":"auth-service","timestamp":"2025-09-03T12:35:11.259Z"}
{"level":"info","message":"user hit the validateTokenMiddleware","service":"auth-service","timestamp":"2025-09-03T12:35:11.259Z"}
{"level":"info","message":"request from /v1/contribution/group/groups having a method of GET","service":"auth-service","timestamp":"2025-09-03T12:37:51.354Z"}
{"level":"info","message":"user hit the validateTokenMiddleware","service":"auth-service","timestamp":"2025-09-03T12:37:51.364Z"}
{"level":"info","message":"request from /v1/contribution/group/groups having a method of GET","service":"auth-service","timestamp":"2025-09-03T12:37:51.451Z"}
{"level":"info","message":"user hit the validateTokenMiddleware","service":"auth-service","timestamp":"2025-09-03T12:37:51.451Z"}
{"level":"info","message":"request from /v1/contribution/group/groups having a method of GET","service":"auth-service","timestamp":"2025-09-03T12:37:58.296Z"}
{"level":"info","message":"user hit the validateTokenMiddleware","service":"auth-service","timestamp":"2025-09-03T12:37:58.303Z"}
{"level":"info","message":"request from /v1/contribution/group/groups having a method of GET","service":"auth-service","timestamp":"2025-09-03T12:37:58.321Z"}
{"level":"info","message":"user hit the validateTokenMiddleware","service":"auth-service","timestamp":"2025-09-03T12:37:58.322Z"}
{"level":"info","message":"request from /v1/contribution/member/68b4e376b5adea1d1602f146 having a method of GET","service":"auth-service","timestamp":"2025-09-03T12:40:54.947Z"}
{"level":"info","message":"user hit the validateTokenMiddleware","service":"auth-service","timestamp":"2025-09-03T12:40:54.952Z"}
{"level":"info","message":"request from /v1/contribution/group/groups having a method of GET","service":"auth-service","timestamp":"2025-09-03T12:41:07.400Z"}
{"level":"info","message":"user hit the validateTokenMiddleware","service":"auth-service","timestamp":"2025-09-03T12:41:07.401Z"}
{"level":"info","message":"request from /v1/contribution/member/addMember having a method of POST","service":"auth-service","timestamp":"2025-09-03T12:41:47.735Z"}
{"level":"info","message":"user hit the validateTokenMiddleware","service":"auth-service","timestamp":"2025-09-03T12:41:47.739Z"}
{"level":"info","message":"request from /v1/contribution/group/groups having a method of GET","service":"auth-service","timestamp":"2025-09-03T12:45:44.648Z"}
{"level":"info","message":"user hit the validateTokenMiddleware","service":"auth-service","timestamp":"2025-09-03T12:45:44.656Z"}
{"level":"info","message":"request from /v1/contribution/group/groups having a method of GET","service":"auth-service","timestamp":"2025-09-03T12:45:44.679Z"}
{"level":"info","message":"user hit the validateTokenMiddleware","service":"auth-service","timestamp":"2025-09-03T12:45:44.680Z"}
{"level":"info","message":"request from /v1/contribution/group/groups having a method of GET","service":"auth-service","timestamp":"2025-09-03T12:50:36.309Z"}
{"level":"info","message":"user hit the validateTokenMiddleware","service":"auth-service","timestamp":"2025-09-03T12:50:36.316Z"}
{"level":"info","message":"request from /v1/contribution/group/groups having a method of GET","service":"auth-service","timestamp":"2025-09-03T12:50:36.344Z"}
{"level":"info","message":"user hit the validateTokenMiddleware","service":"auth-service","timestamp":"2025-09-03T12:50:36.344Z"}
{"level":"info","message":"request from /v1/auth/login having a method of POST","service":"auth-service","timestamp":"2025-09-03T13:25:26.075Z"}
{"level":"info","message":"request from /v1/contribution/group/groups having a method of GET","service":"auth-service","timestamp":"2025-09-03T13:25:28.160Z"}
{"level":"info","message":"user hit the validateTokenMiddleware","service":"auth-service","timestamp":"2025-09-03T13:25:28.162Z"}
{"level":"info","message":"request from /v1/contribution/group/groups having a method of GET","service":"auth-service","timestamp":"2025-09-03T13:25:28.457Z"}
{"level":"info","message":"user hit the validateTokenMiddleware","service":"auth-service","timestamp":"2025-09-03T13:25:28.458Z"}
{"level":"info","message":"request from /v1/contribution/group/groups having a method of GET","service":"auth-service","timestamp":"2025-09-03T13:29:24.652Z"}
{"level":"info","message":"user hit the validateTokenMiddleware","service":"auth-service","timestamp":"2025-09-03T13:29:24.658Z"}
{"level":"info","message":"request from /v1/contribution/group/groups having a method of GET","service":"auth-service","timestamp":"2025-09-03T13:29:24.784Z"}
{"level":"info","message":"user hit the validateTokenMiddleware","service":"auth-service","timestamp":"2025-09-03T13:29:24.784Z"}
{"level":"info","message":"request from /v1/contribution/member/addMember having a method of POST","service":"auth-service","timestamp":"2025-09-03T13:32:47.036Z"}
{"level":"info","message":"user hit the validateTokenMiddleware","service":"auth-service","timestamp":"2025-09-03T13:32:47.046Z"}
{"level":"info","message":"request from /v1/auth/login having a method of POST","service":"auth-service","timestamp":"2025-09-03T13:34:53.709Z"}
{"level":"info","message":"request from /v1/contribution/group/groups having a method of GET","service":"auth-service","timestamp":"2025-09-03T13:34:54.556Z"}
{"level":"info","message":"user hit the validateTokenMiddleware","service":"auth-service","timestamp":"2025-09-03T13:34:54.559Z"}
{"level":"info","message":"request from /v1/contribution/group/groups having a method of GET","service":"auth-service","timestamp":"2025-09-03T13:34:54.851Z"}
{"level":"info","message":"user hit the validateTokenMiddleware","service":"auth-service","timestamp":"2025-09-03T13:34:54.853Z"}
{"level":"info","message":"request from /v1/contribution/group/groups having a method of GET","service":"auth-service","timestamp":"2025-09-03T13:56:55.956Z"}
{"level":"info","message":"user hit the validateTokenMiddleware","service":"auth-service","timestamp":"2025-09-03T13:56:55.967Z"}
{"level":"info","message":"request from /v1/contribution/group/groups having a method of GET","service":"auth-service","timestamp":"2025-09-03T13:56:56.137Z"}
{"level":"info","message":"user hit the validateTokenMiddleware","service":"auth-service","timestamp":"2025-09-03T13:56:56.137Z"}
{"level":"info","message":"request from /v1/contribution/group/groups having a method of GET","service":"auth-service","timestamp":"2025-09-03T13:58:09.047Z"}
{"level":"info","message":"user hit the validateTokenMiddleware","service":"auth-service","timestamp":"2025-09-03T13:58:09.073Z"}
{"level":"info","message":"request from /v1/contribution/group/groups having a method of GET","service":"auth-service","timestamp":"2025-09-03T13:58:14.782Z"}
{"level":"info","message":"user hit the validateTokenMiddleware","service":"auth-service","timestamp":"2025-09-03T13:58:14.783Z"}
{"level":"info","message":"request from /v1/contribution/group/groups having a method of GET","service":"auth-service","timestamp":"2025-09-03T13:58:48.756Z"}
{"level":"info","message":"user hit the validateTokenMiddleware","service":"auth-service","timestamp":"2025-09-03T13:58:48.757Z"}
{"level":"info","message":"request from /v1/contribution/group/groups having a method of GET","service":"auth-service","timestamp":"2025-09-03T13:58:52.902Z"}
{"level":"info","message":"user hit the validateTokenMiddleware","service":"auth-service","timestamp":"2025-09-03T13:58:52.906Z"}
{"level":"info","message":"request from /v1/contribution/group/groups having a method of GET","service":"auth-service","timestamp":"2025-09-03T13:58:52.913Z"}
{"level":"info","message":"user hit the validateTokenMiddleware","service":"auth-service","timestamp":"2025-09-03T13:58:52.914Z"}
{"level":"info","message":"request from /v1/contribution/group/groups having a method of GET","service":"auth-service","timestamp":"2025-09-03T14:00:25.710Z"}
{"level":"info","message":"user hit the validateTokenMiddleware","service":"auth-service","timestamp":"2025-09-03T14:00:25.713Z"}
{"level":"info","message":"App at api-gateway started at port 9000","service":"auth-service","timestamp":"2025-09-03T14:01:42.215Z"}
{"level":"info","message":"request from /v1/auth/login having a method of POST","service":"auth-service","timestamp":"2025-09-03T14:13:48.910Z"}
{"level":"info","message":"request from /v1/contribution/group/groups having a method of GET","service":"auth-service","timestamp":"2025-09-03T14:13:50.129Z"}
{"level":"info","message":"user hit the validateTokenMiddleware","service":"auth-service","timestamp":"2025-09-03T14:13:50.131Z"}
{"level":"info","message":"request from /v1/contribution/group/groups having a method of GET","service":"auth-service","timestamp":"2025-09-03T14:13:50.340Z"}
{"level":"info","message":"user hit the validateTokenMiddleware","service":"auth-service","timestamp":"2025-09-03T14:13:50.341Z"}
{"level":"info","message":"request from /v1/contribution/member/addMember having a method of POST","service":"auth-service","timestamp":"2025-09-03T14:13:57.019Z"}
{"level":"info","message":"user hit the validateTokenMiddleware","service":"auth-service","timestamp":"2025-09-03T14:13:57.020Z"}
{"level":"info","message":"request from /v1/contribution/group/groups having a method of GET","service":"auth-service","timestamp":"2025-09-03T14:13:57.242Z"}
{"level":"info","message":"user hit the validateTokenMiddleware","service":"auth-service","timestamp":"2025-09-03T14:13:57.242Z"}
{"level":"info","message":"request from /v1/contribution/member/addMember having a method of POST","service":"auth-service","timestamp":"2025-09-03T14:17:03.084Z"}
{"level":"info","message":"user hit the validateTokenMiddleware","service":"auth-service","timestamp":"2025-09-03T14:17:03.090Z"}
{"level":"info","message":"request from /v1/contribution/member/addMember having a method of POST","service":"auth-service","timestamp":"2025-09-03T14:17:03.396Z"}
{"level":"info","message":"user hit the validateTokenMiddleware","service":"auth-service","timestamp":"2025-09-03T14:17:03.397Z"}
{"level":"info","message":"request from /v1/contribution/group/groups having a method of GET","service":"auth-service","timestamp":"2025-09-03T14:19:19.419Z"}
{"level":"info","message":"user hit the validateTokenMiddleware","service":"auth-service","timestamp":"2025-09-03T14:19:19.425Z"}
{"level":"info","message":"request from /v1/contribution/group/groups having a method of GET","service":"auth-service","timestamp":"2025-09-03T14:19:21.030Z"}
{"level":"info","message":"user hit the validateTokenMiddleware","service":"auth-service","timestamp":"2025-09-03T14:19:21.033Z"}
{"level":"info","message":"request from /v1/contribution/group/groups having a method of GET","service":"auth-service","timestamp":"2025-09-03T14:19:46.733Z"}
{"level":"info","message":"user hit the validateTokenMiddleware","service":"auth-service","timestamp":"2025-09-03T14:19:46.742Z"}
{"level":"info","message":"request from /v1/contribution/group/groups having a method of GET","service":"auth-service","timestamp":"2025-09-03T14:19:46.779Z"}
{"level":"info","message":"user hit the validateTokenMiddleware","service":"auth-service","timestamp":"2025-09-03T14:19:46.779Z"}
{"level":"info","message":"request from /v1/contribution/group/groups having a method of GET","service":"auth-service","timestamp":"2025-09-03T14:19:53.031Z"}
{"level":"info","message":"user hit the validateTokenMiddleware","service":"auth-service","timestamp":"2025-09-03T14:19:53.037Z"}
{"level":"info","message":"request from /v1/contribution/group/groups having a method of GET","service":"auth-service","timestamp":"2025-09-03T14:19:59.018Z"}
{"level":"info","message":"user hit the validateTokenMiddleware","service":"auth-service","timestamp":"2025-09-03T14:19:59.019Z"}
{"level":"info","message":"request from /v1/contribution/group/groups having a method of GET","service":"auth-service","timestamp":"2025-09-03T14:20:07.211Z"}
{"level":"info","message":"user hit the validateTokenMiddleware","service":"auth-service","timestamp":"2025-09-03T14:20:07.212Z"}
{"level":"info","message":"request from /v1/contribution/group/groups having a method of GET","service":"auth-service","timestamp":"2025-09-03T14:20:11.165Z"}
{"level":"info","message":"user hit the validateTokenMiddleware","service":"auth-service","timestamp":"2025-09-03T14:20:11.166Z"}
{"level":"info","message":"request from /v1/contribution/group/groups having a method of GET","service":"auth-service","timestamp":"2025-09-03T14:20:11.176Z"}
{"level":"info","message":"user hit the validateTokenMiddleware","service":"auth-service","timestamp":"2025-09-03T14:20:11.177Z"}
{"level":"info","message":"request from /v1/contribution/member/addMember having a method of POST","service":"auth-service","timestamp":"2025-09-03T14:21:44.204Z"}
{"level":"info","message":"user hit the validateTokenMiddleware","service":"auth-service","timestamp":"2025-09-03T14:21:44.207Z"}
{"level":"info","message":"request from /v1/contribution/group/create having a method of POST","service":"auth-service","timestamp":"2025-09-03T14:22:35.167Z"}
{"level":"info","message":"user hit the validateTokenMiddleware","service":"auth-service","timestamp":"2025-09-03T14:22:35.170Z"}
{"level":"info","message":"request from /v1/auth/login having a method of POST","service":"auth-service","timestamp":"2025-09-03T14:24:04.480Z"}
{"level":"info","message":"request from /v1/contribution/group/groups having a method of GET","service":"auth-service","timestamp":"2025-09-03T14:24:05.001Z"}
{"level":"info","message":"user hit the validateTokenMiddleware","service":"auth-service","timestamp":"2025-09-03T14:24:05.003Z"}
{"level":"info","message":"request from /v1/contribution/group/groups having a method of GET","service":"auth-service","timestamp":"2025-09-03T14:24:05.336Z"}
{"level":"info","message":"user hit the validateTokenMiddleware","service":"auth-service","timestamp":"2025-09-03T14:24:05.338Z"}
{"level":"info","message":"request from /v1/contribution/member/addMember having a method of POST","service":"auth-service","timestamp":"2025-09-03T14:24:24.973Z"}
{"level":"info","message":"user hit the validateTokenMiddleware","service":"auth-service","timestamp":"2025-09-03T14:24:24.977Z"}
{"level":"info","message":"request from /v1/contribution/group/groups having a method of GET","service":"auth-service","timestamp":"2025-09-03T14:24:25.284Z"}
{"level":"info","message":"user hit the validateTokenMiddleware","service":"auth-service","timestamp":"2025-09-03T14:24:25.284Z"}
{"level":"info","message":"request from /v1/contribution/member/addMember having a method of POST","service":"auth-service","timestamp":"2025-09-03T14:24:31.655Z"}
{"level":"info","message":"user hit the validateTokenMiddleware","service":"auth-service","timestamp":"2025-09-03T14:24:31.659Z"}
{"level":"info","message":"request from /v1/contribution/member/addMember having a method of POST","service":"auth-service","timestamp":"2025-09-03T14:24:34.079Z"}
{"level":"info","message":"user hit the validateTokenMiddleware","service":"auth-service","timestamp":"2025-09-03T14:24:34.080Z"}
{"level":"info","message":"request from /v1/contribution/group/groups having a method of GET","service":"auth-service","timestamp":"2025-09-03T14:26:58.609Z"}
{"level":"info","message":"user hit the validateTokenMiddleware","service":"auth-service","timestamp":"2025-09-03T14:26:58.618Z"}
{"level":"info","message":"request from /v1/contribution/group/groups having a method of GET","service":"auth-service","timestamp":"2025-09-03T14:30:14.301Z"}
{"level":"info","message":"user hit the validateTokenMiddleware","service":"auth-service","timestamp":"2025-09-03T14:30:14.329Z"}
{"level":"info","message":"request from /v1/contribution/group/groups having a method of GET","service":"auth-service","timestamp":"2025-09-03T14:30:14.387Z"}
{"level":"info","message":"user hit the validateTokenMiddleware","service":"auth-service","timestamp":"2025-09-03T14:30:14.387Z"}
{"level":"info","message":"request from /v1/contribution/group/groups having a method of GET","service":"auth-service","timestamp":"2025-09-03T14:30:25.545Z"}
{"level":"info","message":"user hit the validateTokenMiddleware","service":"auth-service","timestamp":"2025-09-03T14:30:25.551Z"}
{"level":"info","message":"request from /v1/contribution/group/groups having a method of GET","service":"auth-service","timestamp":"2025-09-03T14:30:25.563Z"}
{"level":"info","message":"user hit the validateTokenMiddleware","service":"auth-service","timestamp":"2025-09-03T14:30:25.565Z"}
{"level":"info","message":"request from /v1/contribution/group/groups having a method of GET","service":"auth-service","timestamp":"2025-09-03T14:31:05.082Z"}
{"level":"info","message":"user hit the validateTokenMiddleware","service":"auth-service","timestamp":"2025-09-03T14:31:05.087Z"}
{"level":"info","message":"request from /v1/contribution/group/groups having a method of GET","service":"auth-service","timestamp":"2025-09-03T14:31:05.126Z"}
{"level":"info","message":"user hit the validateTokenMiddleware","service":"auth-service","timestamp":"2025-09-03T14:31:05.126Z"}
{"level":"info","message":"request from /v1/contribution/group/groups having a method of GET","service":"auth-service","timestamp":"2025-09-03T14:31:59.870Z"}
{"level":"info","message":"user hit the validateTokenMiddleware","service":"auth-service","timestamp":"2025-09-03T14:31:59.882Z"}
{"level":"info","message":"request from /v1/contribution/group/groups having a method of GET","service":"auth-service","timestamp":"2025-09-03T14:31:59.916Z"}
{"level":"info","message":"user hit the validateTokenMiddleware","service":"auth-service","timestamp":"2025-09-03T14:31:59.916Z"}
{"level":"info","message":"request from /v1/contribution/group/groups having a method of GET","service":"auth-service","timestamp":"2025-09-03T14:32:02.039Z"}
{"level":"info","message":"user hit the validateTokenMiddleware","service":"auth-service","timestamp":"2025-09-03T14:32:02.040Z"}
{"level":"info","message":"request from /v1/contribution/group/groups having a method of GET","service":"auth-service","timestamp":"2025-09-03T14:32:02.044Z"}
{"level":"info","message":"user hit the validateTokenMiddleware","service":"auth-service","timestamp":"2025-09-03T14:32:02.045Z"}
{"level":"info","message":"request from /v1/contribution/group/groups having a method of GET","service":"auth-service","timestamp":"2025-09-03T14:32:03.739Z"}
{"level":"info","message":"user hit the validateTokenMiddleware","service":"auth-service","timestamp":"2025-09-03T14:32:03.741Z"}
{"level":"info","message":"request from /v1/contribution/group/groups having a method of GET","service":"auth-service","timestamp":"2025-09-03T14:32:03.766Z"}
{"level":"info","message":"user hit the validateTokenMiddleware","service":"auth-service","timestamp":"2025-09-03T14:32:03.766Z"}
{"level":"info","message":"request from /v1/contribution/group/groups having a method of GET","service":"auth-service","timestamp":"2025-09-03T14:32:36.077Z"}
{"level":"info","message":"user hit the validateTokenMiddleware","service":"auth-service","timestamp":"2025-09-03T14:32:36.082Z"}
{"level":"info","message":"request from /v1/contribution/group/groups having a method of GET","service":"auth-service","timestamp":"2025-09-03T14:32:36.099Z"}
{"level":"info","message":"user hit the validateTokenMiddleware","service":"auth-service","timestamp":"2025-09-03T14:32:36.100Z"}
{"level":"info","message":"request from /v1/contribution/group/groups having a method of GET","service":"auth-service","timestamp":"2025-09-03T14:32:49.191Z"}
{"level":"info","message":"user hit the validateTokenMiddleware","service":"auth-service","timestamp":"2025-09-03T14:32:49.201Z"}
{"level":"info","message":"request from /v1/contribution/group/groups having a method of GET","service":"auth-service","timestamp":"2025-09-03T14:32:49.253Z"}
{"level":"info","message":"user hit the validateTokenMiddleware","service":"auth-service","timestamp":"2025-09-03T14:32:49.258Z"}
{"level":"info","message":"request from /v1/contribution/group/groups having a method of GET","service":"auth-service","timestamp":"2025-09-03T14:33:04.575Z"}
{"level":"info","message":"user hit the validateTokenMiddleware","service":"auth-service","timestamp":"2025-09-03T14:33:04.606Z"}
{"level":"info","message":"request from /v1/contribution/group/groups having a method of GET","service":"auth-service","timestamp":"2025-09-03T14:33:04.648Z"}
{"level":"info","message":"user hit the validateTokenMiddleware","service":"auth-service","timestamp":"2025-09-03T14:33:04.651Z"}
{"level":"info","message":"request from /v1/contribution/group/groups having a method of GET","service":"auth-service","timestamp":"2025-09-03T14:37:50.191Z"}
{"level":"info","message":"user hit the validateTokenMiddleware","service":"auth-service","timestamp":"2025-09-03T14:37:50.209Z"}
{"level":"info","message":"request from /v1/contribution/group/groups having a method of GET","service":"auth-service","timestamp":"2025-09-03T14:37:57.568Z"}
{"level":"info","message":"user hit the validateTokenMiddleware","service":"auth-service","timestamp":"2025-09-03T14:37:57.571Z"}
{"level":"info","message":"request from /v1/contribution/group/groups having a method of GET","service":"auth-service","timestamp":"2025-09-03T14:37:58.320Z"}
{"level":"info","message":"user hit the validateTokenMiddleware","service":"auth-service","timestamp":"2025-09-03T14:37:58.322Z"}
{"level":"info","message":"request from /v1/contribution/group/groups having a method of GET","service":"auth-service","timestamp":"2025-09-03T14:38:07.935Z"}
{"level":"info","message":"user hit the validateTokenMiddleware","service":"auth-service","timestamp":"2025-09-03T14:38:07.945Z"}
{"level":"info","message":"request from /v1/contribution/group/groups having a method of GET","service":"auth-service","timestamp":"2025-09-03T14:38:13.608Z"}
{"level":"info","message":"user hit the validateTokenMiddleware","service":"auth-service","timestamp":"2025-09-03T14:38:13.610Z"}
{"level":"info","message":"request from /v1/contribution/group/groups having a method of GET","service":"auth-service","timestamp":"2025-09-03T14:38:20.468Z"}
{"level":"info","message":"user hit the validateTokenMiddleware","service":"auth-service","timestamp":"2025-09-03T14:38:20.494Z"}
{"level":"info","message":"request from /v1/contribution/group/groups having a method of GET","service":"auth-service","timestamp":"2025-09-03T14:39:29.674Z"}
{"level":"info","message":"user hit the validateTokenMiddleware","service":"auth-service","timestamp":"2025-09-03T14:39:29.694Z"}
{"level":"info","message":"request from /v1/contribution/group/groups having a method of GET","service":"auth-service","timestamp":"2025-09-03T14:39:29.741Z"}
{"level":"info","message":"user hit the validateTokenMiddleware","service":"auth-service","timestamp":"2025-09-03T14:39:29.743Z"}
{"level":"info","message":"request from /v1/contribution/group/groups having a method of GET","service":"auth-service","timestamp":"2025-09-03T14:39:35.020Z"}
{"level":"info","message":"user hit the validateTokenMiddleware","service":"auth-service","timestamp":"2025-09-03T14:39:35.026Z"}
{"level":"info","message":"request from /v1/contribution/group/groups having a method of GET","service":"auth-service","timestamp":"2025-09-03T14:39:35.036Z"}
{"level":"info","message":"user hit the validateTokenMiddleware","service":"auth-service","timestamp":"2025-09-03T14:39:35.037Z"}
{"level":"info","message":"request from /v1/contribution/group/groups having a method of GET","service":"auth-service","timestamp":"2025-09-03T14:39:38.191Z"}
{"level":"info","message":"user hit the validateTokenMiddleware","service":"auth-service","timestamp":"2025-09-03T14:39:38.196Z"}
{"level":"info","message":"request from /v1/contribution/group/groups having a method of GET","service":"auth-service","timestamp":"2025-09-03T14:39:38.203Z"}
{"level":"info","message":"user hit the validateTokenMiddleware","service":"auth-service","timestamp":"2025-09-03T14:39:38.203Z"}
{"level":"info","message":"request from /v1/contribution/group/groups having a method of GET","service":"auth-service","timestamp":"2025-09-03T14:39:41.229Z"}
{"level":"info","message":"user hit the validateTokenMiddleware","service":"auth-service","timestamp":"2025-09-03T14:39:41.230Z"}
{"level":"info","message":"request from /v1/contribution/group/groups having a method of GET","service":"auth-service","timestamp":"2025-09-03T14:39:41.244Z"}
{"level":"info","message":"user hit the validateTokenMiddleware","service":"auth-service","timestamp":"2025-09-03T14:39:41.244Z"}
{"level":"info","message":"request from /v1/contribution/group/groups having a method of GET","service":"auth-service","timestamp":"2025-09-03T14:39:44.027Z"}
{"level":"info","message":"user hit the validateTokenMiddleware","service":"auth-service","timestamp":"2025-09-03T14:39:44.031Z"}
{"level":"info","message":"request from /v1/contribution/group/groups having a method of GET","service":"auth-service","timestamp":"2025-09-03T14:39:44.040Z"}
{"level":"info","message":"user hit the validateTokenMiddleware","service":"auth-service","timestamp":"2025-09-03T14:39:44.042Z"}
{"level":"info","message":"request from /v1/contribution/group/groups having a method of GET","service":"auth-service","timestamp":"2025-09-03T14:39:46.581Z"}
{"level":"info","message":"user hit the validateTokenMiddleware","service":"auth-service","timestamp":"2025-09-03T14:39:46.586Z"}
{"level":"info","message":"request from /v1/contribution/group/groups having a method of GET","service":"auth-service","timestamp":"2025-09-03T14:39:46.604Z"}
{"level":"info","message":"user hit the validateTokenMiddleware","service":"auth-service","timestamp":"2025-09-03T14:39:46.604Z"}
{"level":"info","message":"request from /v1/contribution/group/groups having a method of GET","service":"auth-service","timestamp":"2025-09-03T14:40:43.430Z"}
{"level":"info","message":"user hit the validateTokenMiddleware","service":"auth-service","timestamp":"2025-09-03T14:40:43.434Z"}
{"level":"info","message":"request from /v1/contribution/group/groups having a method of GET","service":"auth-service","timestamp":"2025-09-03T14:40:43.456Z"}
{"level":"info","message":"user hit the validateTokenMiddleware","service":"auth-service","timestamp":"2025-09-03T14:40:43.456Z"}
{"level":"info","message":"request from /v1/contribution/group/groups having a method of GET","service":"auth-service","timestamp":"2025-09-03T14:40:45.729Z"}
{"level":"info","message":"user hit the validateTokenMiddleware","service":"auth-service","timestamp":"2025-09-03T14:40:45.730Z"}
{"level":"info","message":"request from /v1/contribution/group/groups having a method of GET","service":"auth-service","timestamp":"2025-09-03T14:40:45.744Z"}
{"level":"info","message":"user hit the validateTokenMiddleware","service":"auth-service","timestamp":"2025-09-03T14:40:45.747Z"}
{"level":"info","message":"request from /v1/contribution/group/groups having a method of GET","service":"auth-service","timestamp":"2025-09-03T14:40:53.831Z"}
{"level":"info","message":"user hit the validateTokenMiddleware","service":"auth-service","timestamp":"2025-09-03T14:40:53.843Z"}
{"level":"info","message":"request from /v1/contribution/group/groups having a method of GET","service":"auth-service","timestamp":"2025-09-03T14:40:53.862Z"}
{"level":"info","message":"user hit the validateTokenMiddleware","service":"auth-service","timestamp":"2025-09-03T14:40:53.863Z"}
{"level":"info","message":"request from /v1/contribution/group/groups having a method of GET","service":"auth-service","timestamp":"2025-09-03T14:41:14.720Z"}
{"level":"info","message":"user hit the validateTokenMiddleware","service":"auth-service","timestamp":"2025-09-03T14:41:14.726Z"}
{"level":"info","message":"request from /v1/contribution/group/groups having a method of GET","service":"auth-service","timestamp":"2025-09-03T14:41:14.750Z"}
{"level":"info","message":"user hit the validateTokenMiddleware","service":"auth-service","timestamp":"2025-09-03T14:41:14.751Z"}
{"level":"info","message":"request from /v1/contribution/group/groups having a method of GET","service":"auth-service","timestamp":"2025-09-03T14:42:59.219Z"}
{"level":"info","message":"user hit the validateTokenMiddleware","service":"auth-service","timestamp":"2025-09-03T14:42:59.226Z"}
{"level":"info","message":"request from /v1/contribution/group/groups having a method of GET","service":"auth-service","timestamp":"2025-09-03T14:42:59.255Z"}
{"level":"info","message":"user hit the validateTokenMiddleware","service":"auth-service","timestamp":"2025-09-03T14:42:59.255Z"}
{"level":"info","message":"request from /v1/contribution/group/groups having a method of GET","service":"auth-service","timestamp":"2025-09-03T14:44:44.087Z"}
{"level":"info","message":"user hit the validateTokenMiddleware","service":"auth-service","timestamp":"2025-09-03T14:44:44.091Z"}
{"level":"info","message":"request from /v1/contribution/group/groups having a method of GET","service":"auth-service","timestamp":"2025-09-03T14:44:45.208Z"}
{"level":"info","message":"user hit the validateTokenMiddleware","service":"auth-service","timestamp":"2025-09-03T14:44:45.210Z"}
{"level":"info","message":"request from /v1/contribution/group/groups having a method of GET","service":"auth-service","timestamp":"2025-09-03T14:44:46.304Z"}
{"level":"info","message":"user hit the validateTokenMiddleware","service":"auth-service","timestamp":"2025-09-03T14:44:46.305Z"}
{"level":"info","message":"request from /v1/contribution/group/groups having a method of GET","service":"auth-service","timestamp":"2025-09-03T14:46:56.781Z"}
{"level":"info","message":"user hit the validateTokenMiddleware","service":"auth-service","timestamp":"2025-09-03T14:46:56.788Z"}
{"level":"info","message":"request from /v1/contribution/group/groups having a method of GET","service":"auth-service","timestamp":"2025-09-03T14:46:56.811Z"}
{"level":"info","message":"user hit the validateTokenMiddleware","service":"auth-service","timestamp":"2025-09-03T14:46:56.813Z"}
{"level":"info","message":"request from /v1/contribution/group/groups having a method of GET","service":"auth-service","timestamp":"2025-09-03T14:47:16.080Z"}
{"level":"info","message":"user hit the validateTokenMiddleware","service":"auth-service","timestamp":"2025-09-03T14:47:16.092Z"}
{"level":"info","message":"request from /v1/contribution/group/groups having a method of GET","service":"auth-service","timestamp":"2025-09-03T14:47:16.129Z"}
{"level":"info","message":"user hit the validateTokenMiddleware","service":"auth-service","timestamp":"2025-09-03T14:47:16.129Z"}
{"level":"info","message":"request from /v1/contribution/group/groups having a method of GET","service":"auth-service","timestamp":"2025-09-03T14:47:23.301Z"}
{"level":"info","message":"user hit the validateTokenMiddleware","service":"auth-service","timestamp":"2025-09-03T14:47:23.304Z"}
{"level":"info","message":"request from /v1/contribution/group/groups having a method of GET","service":"auth-service","timestamp":"2025-09-03T14:47:23.322Z"}
{"level":"info","message":"user hit the validateTokenMiddleware","service":"auth-service","timestamp":"2025-09-03T14:47:23.323Z"}
{"level":"info","message":"request from /v1/contribution/group/groups having a method of GET","service":"auth-service","timestamp":"2025-09-03T14:53:25.907Z"}
{"level":"info","message":"user hit the validateTokenMiddleware","service":"auth-service","timestamp":"2025-09-03T14:53:25.930Z"}
{"level":"info","message":"request from /v1/contribution/group/groups having a method of GET","service":"auth-service","timestamp":"2025-09-03T14:53:25.994Z"}
{"level":"info","message":"user hit the validateTokenMiddleware","service":"auth-service","timestamp":"2025-09-03T14:53:25.995Z"}
{"level":"info","message":"request from /v1/contribution/group/groups having a method of GET","service":"auth-service","timestamp":"2025-09-03T14:53:35.940Z"}
{"level":"info","message":"user hit the validateTokenMiddleware","service":"auth-service","timestamp":"2025-09-03T14:53:35.947Z"}
{"level":"info","message":"request from /v1/contribution/group/groups having a method of GET","service":"auth-service","timestamp":"2025-09-03T14:53:35.962Z"}
{"level":"info","message":"user hit the validateTokenMiddleware","service":"auth-service","timestamp":"2025-09-03T14:53:35.962Z"}
{"level":"info","message":"request from /v1/contribution/group/groups having a method of GET","service":"auth-service","timestamp":"2025-09-03T14:53:37.610Z"}
{"level":"info","message":"user hit the validateTokenMiddleware","service":"auth-service","timestamp":"2025-09-03T14:53:37.612Z"}
{"level":"info","message":"request from /v1/contribution/group/groups having a method of GET","service":"auth-service","timestamp":"2025-09-03T14:53:37.627Z"}
{"level":"info","message":"user hit the validateTokenMiddleware","service":"auth-service","timestamp":"2025-09-03T14:53:37.627Z"}
{"level":"info","message":"request from /v1/contribution/group/groups having a method of GET","service":"auth-service","timestamp":"2025-09-03T14:53:39.480Z"}
{"level":"info","message":"user hit the validateTokenMiddleware","service":"auth-service","timestamp":"2025-09-03T14:53:39.489Z"}
{"level":"info","message":"request from /v1/contribution/group/groups having a method of GET","service":"auth-service","timestamp":"2025-09-03T14:53:39.506Z"}
{"level":"info","message":"user hit the validateTokenMiddleware","service":"auth-service","timestamp":"2025-09-03T14:53:39.506Z"}
{"level":"info","message":"request from /v1/contribution/group/groups having a method of GET","service":"auth-service","timestamp":"2025-09-03T14:53:51.650Z"}
{"level":"info","message":"user hit the validateTokenMiddleware","service":"auth-service","timestamp":"2025-09-03T14:53:51.673Z"}
{"level":"info","message":"request from /v1/contribution/group/groups having a method of GET","service":"auth-service","timestamp":"2025-09-03T14:53:51.710Z"}
{"level":"info","message":"user hit the validateTokenMiddleware","service":"auth-service","timestamp":"2025-09-03T14:53:51.712Z"}
{"level":"info","message":"request from /v1/contribution/group/groups having a method of GET","service":"auth-service","timestamp":"2025-09-03T14:53:55.443Z"}
{"level":"info","message":"user hit the validateTokenMiddleware","service":"auth-service","timestamp":"2025-09-03T14:53:55.461Z"}
{"level":"info","message":"request from /v1/contribution/group/groups having a method of GET","service":"auth-service","timestamp":"2025-09-03T14:53:55.581Z"}
{"level":"info","message":"user hit the validateTokenMiddleware","service":"auth-service","timestamp":"2025-09-03T14:53:55.583Z"}
{"level":"info","message":"request from /v1/contribution/group/groups having a method of GET","service":"auth-service","timestamp":"2025-09-03T14:53:57.248Z"}
{"level":"info","message":"user hit the validateTokenMiddleware","service":"auth-service","timestamp":"2025-09-03T14:53:57.250Z"}
{"level":"info","message":"request from /v1/contribution/group/groups having a method of GET","service":"auth-service","timestamp":"2025-09-03T14:53:57.255Z"}
{"level":"info","message":"user hit the validateTokenMiddleware","service":"auth-service","timestamp":"2025-09-03T14:53:57.255Z"}
{"level":"info","message":"request from /v1/contribution/group/groups having a method of GET","service":"auth-service","timestamp":"2025-09-03T14:54:02.173Z"}
{"level":"info","message":"user hit the validateTokenMiddleware","service":"auth-service","timestamp":"2025-09-03T14:54:02.175Z"}
{"level":"info","message":"request from /v1/contribution/group/groups having a method of GET","service":"auth-service","timestamp":"2025-09-03T14:54:02.192Z"}
{"level":"info","message":"user hit the validateTokenMiddleware","service":"auth-service","timestamp":"2025-09-03T14:54:02.192Z"}
{"level":"info","message":"request from /v1/contribution/group/groups having a method of GET","service":"auth-service","timestamp":"2025-09-03T14:54:04.389Z"}
{"level":"info","message":"user hit the validateTokenMiddleware","service":"auth-service","timestamp":"2025-09-03T14:54:04.391Z"}
{"level":"info","message":"request from /v1/contribution/group/groups having a method of GET","service":"auth-service","timestamp":"2025-09-03T14:54:04.394Z"}
{"level":"info","message":"user hit the validateTokenMiddleware","service":"auth-service","timestamp":"2025-09-03T14:54:04.396Z"}
{"level":"info","message":"request from /v1/contribution/group/groups having a method of GET","service":"auth-service","timestamp":"2025-09-03T14:54:12.979Z"}
{"level":"info","message":"user hit the validateTokenMiddleware","service":"auth-service","timestamp":"2025-09-03T14:54:12.982Z"}
{"level":"info","message":"request from /v1/contribution/group/groups having a method of GET","service":"auth-service","timestamp":"2025-09-03T14:54:12.996Z"}
{"level":"info","message":"user hit the validateTokenMiddleware","service":"auth-service","timestamp":"2025-09-03T14:54:12.996Z"}
{"level":"info","message":"request from /v1/contribution/group/groups having a method of GET","service":"auth-service","timestamp":"2025-09-03T14:54:22.643Z"}
{"level":"info","message":"user hit the validateTokenMiddleware","service":"auth-service","timestamp":"2025-09-03T14:54:22.664Z"}
{"level":"info","message":"request from /v1/contribution/group/groups having a method of GET","service":"auth-service","timestamp":"2025-09-03T14:54:22.695Z"}
{"level":"info","message":"user hit the validateTokenMiddleware","service":"auth-service","timestamp":"2025-09-03T14:54:22.695Z"}
{"level":"info","message":"request from /v1/contribution/group/groups having a method of GET","service":"auth-service","timestamp":"2025-09-03T14:54:25.472Z"}
{"level":"info","message":"user hit the validateTokenMiddleware","service":"auth-service","timestamp":"2025-09-03T14:54:25.481Z"}
{"level":"info","message":"request from /v1/contribution/group/groups having a method of GET","service":"auth-service","timestamp":"2025-09-03T14:54:25.493Z"}
{"level":"info","message":"user hit the validateTokenMiddleware","service":"auth-service","timestamp":"2025-09-03T14:54:25.495Z"}
{"level":"info","message":"request from /v1/contribution/group/groups having a method of GET","service":"auth-service","timestamp":"2025-09-03T14:54:29.199Z"}
{"level":"info","message":"user hit the validateTokenMiddleware","service":"auth-service","timestamp":"2025-09-03T14:54:29.216Z"}
{"level":"info","message":"request from /v1/contribution/group/groups having a method of GET","service":"auth-service","timestamp":"2025-09-03T14:54:29.226Z"}
{"level":"info","message":"user hit the validateTokenMiddleware","service":"auth-service","timestamp":"2025-09-03T14:54:29.227Z"}
{"level":"info","message":"request from /v1/contribution/group/groups having a method of GET","service":"auth-service","timestamp":"2025-09-03T14:54:33.074Z"}
{"level":"info","message":"user hit the validateTokenMiddleware","service":"auth-service","timestamp":"2025-09-03T14:54:33.105Z"}
{"level":"info","message":"request from /v1/contribution/group/groups having a method of GET","service":"auth-service","timestamp":"2025-09-03T14:54:33.126Z"}
{"level":"info","message":"user hit the validateTokenMiddleware","service":"auth-service","timestamp":"2025-09-03T14:54:33.131Z"}
{"level":"info","message":"request from /v1/contribution/group/groups having a method of GET","service":"auth-service","timestamp":"2025-09-03T14:54:35.939Z"}
{"level":"info","message":"user hit the validateTokenMiddleware","service":"auth-service","timestamp":"2025-09-03T14:54:35.948Z"}
{"level":"info","message":"request from /v1/contribution/group/groups having a method of GET","service":"auth-service","timestamp":"2025-09-03T14:54:35.962Z"}
{"level":"info","message":"user hit the validateTokenMiddleware","service":"auth-service","timestamp":"2025-09-03T14:54:35.962Z"}
{"level":"info","message":"request from /v1/contribution/group/groups having a method of GET","service":"auth-service","timestamp":"2025-09-03T14:55:39.891Z"}
{"level":"info","message":"user hit the validateTokenMiddleware","service":"auth-service","timestamp":"2025-09-03T14:55:39.896Z"}
{"level":"info","message":"request from /v1/contribution/group/groups having a method of GET","service":"auth-service","timestamp":"2025-09-03T14:55:39.902Z"}
{"level":"info","message":"user hit the validateTokenMiddleware","service":"auth-service","timestamp":"2025-09-03T14:55:39.902Z"}
{"level":"info","message":"request from /v1/contribution/group/groups having a method of GET","service":"auth-service","timestamp":"2025-09-03T15:02:24.022Z"}
{"level":"info","message":"user hit the validateTokenMiddleware","service":"auth-service","timestamp":"2025-09-03T15:02:24.029Z"}
{"level":"info","message":"request from /v1/contribution/group/groups having a method of GET","service":"auth-service","timestamp":"2025-09-03T15:02:24.069Z"}
{"level":"info","message":"user hit the validateTokenMiddleware","service":"auth-service","timestamp":"2025-09-03T15:02:24.070Z"}
{"level":"info","message":"request from /v1/auth/login having a method of POST","service":"auth-service","timestamp":"2025-09-03T15:03:04.360Z"}
{"level":"info","message":"request from /v1/contribution/group/groups having a method of GET","service":"auth-service","timestamp":"2025-09-03T15:03:05.495Z"}
{"level":"info","message":"user hit the validateTokenMiddleware","service":"auth-service","timestamp":"2025-09-03T15:03:05.496Z"}
{"level":"info","message":"request from /v1/contribution/group/groups having a method of GET","service":"auth-service","timestamp":"2025-09-03T15:03:05.816Z"}
{"level":"info","message":"user hit the validateTokenMiddleware","service":"auth-service","timestamp":"2025-09-03T15:03:05.816Z"}
{"level":"info","message":"request from /v1/contribution/group/groups having a method of GET","service":"auth-service","timestamp":"2025-09-03T15:04:11.609Z"}
{"level":"info","message":"user hit the validateTokenMiddleware","service":"auth-service","timestamp":"2025-09-03T15:04:11.632Z"}
{"level":"info","message":"request from /v1/contribution/group/groups having a method of GET","service":"auth-service","timestamp":"2025-09-03T15:04:11.710Z"}
{"level":"info","message":"user hit the validateTokenMiddleware","service":"auth-service","timestamp":"2025-09-03T15:04:11.710Z"}
{"level":"info","message":"request from /v1/contribution/group/groups having a method of GET","service":"auth-service","timestamp":"2025-09-03T15:04:35.408Z"}
{"level":"info","message":"user hit the validateTokenMiddleware","service":"auth-service","timestamp":"2025-09-03T15:04:35.412Z"}
{"level":"info","message":"request from /v1/contribution/group/groups having a method of GET","service":"auth-service","timestamp":"2025-09-03T15:04:35.435Z"}
{"level":"info","message":"user hit the validateTokenMiddleware","service":"auth-service","timestamp":"2025-09-03T15:04:35.435Z"}
{"level":"info","message":"request from /v1/contribution/group/groups having a method of GET","service":"auth-service","timestamp":"2025-09-03T15:04:57.165Z"}
{"level":"info","message":"user hit the validateTokenMiddleware","service":"auth-service","timestamp":"2025-09-03T15:04:57.165Z"}
{"level":"info","message":"request from /v1/contribution/group/groups having a method of GET","service":"auth-service","timestamp":"2025-09-03T15:04:57.191Z"}
{"level":"info","message":"user hit the validateTokenMiddleware","service":"auth-service","timestamp":"2025-09-03T15:04:57.192Z"}
{"level":"info","message":"request from /v1/contribution/group/groups having a method of GET","service":"auth-service","timestamp":"2025-09-03T15:05:14.162Z"}
{"level":"info","message":"user hit the validateTokenMiddleware","service":"auth-service","timestamp":"2025-09-03T15:05:14.220Z"}
{"level":"info","message":"request from /v1/contribution/group/groups having a method of GET","service":"auth-service","timestamp":"2025-09-03T15:05:14.306Z"}
{"level":"info","message":"user hit the validateTokenMiddleware","service":"auth-service","timestamp":"2025-09-03T15:05:14.310Z"}
{"level":"info","message":"request from /v1/auth/login having a method of POST","service":"auth-service","timestamp":"2025-09-03T15:06:19.850Z"}
{"level":"info","message":"request from /v1/contribution/group/groups having a method of GET","service":"auth-service","timestamp":"2025-09-03T15:06:20.327Z"}
{"level":"info","message":"user hit the validateTokenMiddleware","service":"auth-service","timestamp":"2025-09-03T15:06:20.328Z"}
{"level":"info","message":"request from /v1/contribution/group/groups having a method of GET","service":"auth-service","timestamp":"2025-09-03T15:06:20.532Z"}
{"level":"info","message":"user hit the validateTokenMiddleware","service":"auth-service","timestamp":"2025-09-03T15:06:20.532Z"}
{"level":"info","message":"request from /v1/contribution/group/create having a method of POST","service":"auth-service","timestamp":"2025-09-03T15:08:56.705Z"}
{"level":"info","message":"user hit the validateTokenMiddleware","service":"auth-service","timestamp":"2025-09-03T15:08:56.715Z"}
{"level":"info","message":"request from /v1/auth/login having a method of POST","service":"auth-service","timestamp":"2025-09-03T15:09:34.914Z"}
{"level":"info","message":"request from /v1/contribution/group/groups having a method of GET","service":"auth-service","timestamp":"2025-09-03T15:09:35.386Z"}
{"level":"info","message":"user hit the validateTokenMiddleware","service":"auth-service","timestamp":"2025-09-03T15:09:35.387Z"}
{"level":"info","message":"request from /v1/contribution/group/groups having a method of GET","service":"auth-service","timestamp":"2025-09-03T15:09:35.634Z"}
{"level":"info","message":"user hit the validateTokenMiddleware","service":"auth-service","timestamp":"2025-09-03T15:09:35.640Z"}
{"level":"info","message":"request from /v1/contribution/member/addMember having a method of POST","service":"auth-service","timestamp":"2025-09-03T15:09:39.468Z"}
{"level":"info","message":"user hit the validateTokenMiddleware","service":"auth-service","timestamp":"2025-09-03T15:09:39.469Z"}
{"level":"info","message":"request from /v1/contribution/member/addMember having a method of POST","service":"auth-service","timestamp":"2025-09-03T15:09:49.808Z"}
{"level":"info","message":"user hit the validateTokenMiddleware","service":"auth-service","timestamp":"2025-09-03T15:09:49.808Z"}
{"level":"info","message":"request from /v1/contribution/member/addMember having a method of POST","service":"auth-service","timestamp":"2025-09-03T15:10:01.475Z"}
{"level":"info","message":"user hit the validateTokenMiddleware","service":"auth-service","timestamp":"2025-09-03T15:10:01.478Z"}
{"level":"info","message":"request from /v1/contribution/group/groups having a method of GET","service":"auth-service","timestamp":"2025-09-03T15:10:01.889Z"}
{"level":"info","message":"user hit the validateTokenMiddleware","service":"auth-service","timestamp":"2025-09-03T15:10:01.889Z"}
{"level":"info","message":"request from /v1/contribution/group/members/68b4d59200042d4bdd3681d9 having a method of GET","service":"auth-service","timestamp":"2025-09-03T15:38:10.383Z"}
{"level":"info","message":"user hit the validateTokenMiddleware","service":"auth-service","timestamp":"2025-09-03T15:38:10.411Z"}
{"level":"info","message":"request from /v1/contribution/group/members/68b7a116d13a1cfe7a371afd having a method of GET","service":"auth-service","timestamp":"2025-09-03T15:38:29.147Z"}
{"level":"info","message":"user hit the validateTokenMiddleware","service":"auth-service","timestamp":"2025-09-03T15:38:29.154Z"}
{"level":"info","message":"request from /v1/contribution/group/groups having a method of GET","service":"auth-service","timestamp":"2025-09-03T16:29:16.461Z"}
{"level":"info","message":"user hit the validateTokenMiddleware","service":"auth-service","timestamp":"2025-09-03T16:29:16.540Z"}
{"level":"info","message":"request from /v1/contribution/group/groups having a method of GET","service":"auth-service","timestamp":"2025-09-03T16:29:17.017Z"}
{"level":"info","message":"user hit the validateTokenMiddleware","service":"auth-service","timestamp":"2025-09-03T16:29:17.018Z"}
{"level":"info","message":"request from /v1/contribution/group/groups having a method of GET","service":"auth-service","timestamp":"2025-09-03T16:29:18.261Z"}
{"level":"info","message":"user hit the validateTokenMiddleware","service":"auth-service","timestamp":"2025-09-03T16:29:18.269Z"}
{"level":"info","message":"request from /v1/contribution/group/groups having a method of GET","service":"auth-service","timestamp":"2025-09-03T16:29:18.294Z"}
{"level":"info","message":"user hit the validateTokenMiddleware","service":"auth-service","timestamp":"2025-09-03T16:29:18.295Z"}
{"level":"info","message":"request from /v1/contribution/group/groups having a method of GET","service":"auth-service","timestamp":"2025-09-03T16:29:22.491Z"}
{"level":"info","message":"user hit the validateTokenMiddleware","service":"auth-service","timestamp":"2025-09-03T16:29:22.498Z"}
{"level":"info","message":"request from /v1/contribution/group/groups having a method of GET","service":"auth-service","timestamp":"2025-09-03T16:29:22.540Z"}
{"level":"info","message":"user hit the validateTokenMiddleware","service":"auth-service","timestamp":"2025-09-03T16:29:22.540Z"}
{"level":"info","message":"request from /v1/contribution/group/groups having a method of GET","service":"auth-service","timestamp":"2025-09-03T16:29:37.351Z"}
{"level":"info","message":"user hit the validateTokenMiddleware","service":"auth-service","timestamp":"2025-09-03T16:29:37.362Z"}
{"level":"info","message":"request from /v1/contribution/group/groups having a method of GET","service":"auth-service","timestamp":"2025-09-03T16:29:37.398Z"}
{"level":"info","message":"user hit the validateTokenMiddleware","service":"auth-service","timestamp":"2025-09-03T16:29:37.403Z"}
{"level":"info","message":"request from /v1/contribution/group/groups having a method of GET","service":"auth-service","timestamp":"2025-09-03T16:29:41.696Z"}
{"level":"info","message":"user hit the validateTokenMiddleware","service":"auth-service","timestamp":"2025-09-03T16:29:41.700Z"}
{"level":"info","message":"request from /v1/contribution/group/groups having a method of GET","service":"auth-service","timestamp":"2025-09-03T16:29:41.724Z"}
{"level":"info","message":"user hit the validateTokenMiddleware","service":"auth-service","timestamp":"2025-09-03T16:29:41.726Z"}
{"level":"info","message":"request from /v1/contribution/group/groups having a method of GET","service":"auth-service","timestamp":"2025-09-03T16:29:42.235Z"}
{"level":"info","message":"user hit the validateTokenMiddleware","service":"auth-service","timestamp":"2025-09-03T16:29:42.236Z"}
{"level":"info","message":"request from /v1/contribution/group/groups having a method of GET","service":"auth-service","timestamp":"2025-09-03T16:29:42.245Z"}
{"level":"info","message":"user hit the validateTokenMiddleware","service":"auth-service","timestamp":"2025-09-03T16:29:42.245Z"}
{"level":"info","message":"request from /v1/contribution/group/groups having a method of GET","service":"auth-service","timestamp":"2025-09-03T16:29:43.651Z"}
{"level":"info","message":"user hit the validateTokenMiddleware","service":"auth-service","timestamp":"2025-09-03T16:29:43.652Z"}
{"level":"info","message":"request from /v1/contribution/group/groups having a method of GET","service":"auth-service","timestamp":"2025-09-03T16:29:43.661Z"}
{"level":"info","message":"user hit the validateTokenMiddleware","service":"auth-service","timestamp":"2025-09-03T16:29:43.662Z"}
{"level":"info","message":"request from /v1/contribution/group/groups having a method of GET","service":"auth-service","timestamp":"2025-09-03T16:29:45.861Z"}
{"level":"info","message":"user hit the validateTokenMiddleware","service":"auth-service","timestamp":"2025-09-03T16:29:45.863Z"}
{"level":"info","message":"request from /v1/contribution/group/groups having a method of GET","service":"auth-service","timestamp":"2025-09-03T16:29:45.875Z"}
{"level":"info","message":"user hit the validateTokenMiddleware","service":"auth-service","timestamp":"2025-09-03T16:29:45.875Z"}
{"level":"info","message":"request from /v1/contribution/group/groups having a method of GET","service":"auth-service","timestamp":"2025-09-03T16:29:53.325Z"}
{"level":"info","message":"user hit the validateTokenMiddleware","service":"auth-service","timestamp":"2025-09-03T16:29:53.328Z"}
{"level":"info","message":"request from /v1/contribution/group/groups having a method of GET","service":"auth-service","timestamp":"2025-09-03T16:29:53.333Z"}
{"level":"info","message":"user hit the validateTokenMiddleware","service":"auth-service","timestamp":"2025-09-03T16:29:53.333Z"}
{"level":"info","message":"request from /v1/contribution/group/groups having a method of GET","service":"auth-service","timestamp":"2025-09-03T16:29:57.049Z"}
{"level":"info","message":"user hit the validateTokenMiddleware","service":"auth-service","timestamp":"2025-09-03T16:29:57.054Z"}
{"level":"info","message":"request from /v1/contribution/group/groups having a method of GET","service":"auth-service","timestamp":"2025-09-03T16:29:57.069Z"}
{"level":"info","message":"user hit the validateTokenMiddleware","service":"auth-service","timestamp":"2025-09-03T16:29:57.069Z"}
{"level":"info","message":"request from /v1/contribution/group/groups having a method of GET","service":"auth-service","timestamp":"2025-09-03T16:29:59.600Z"}
{"level":"info","message":"user hit the validateTokenMiddleware","service":"auth-service","timestamp":"2025-09-03T16:29:59.610Z"}
{"level":"info","message":"request from /v1/contribution/group/groups having a method of GET","service":"auth-service","timestamp":"2025-09-03T16:29:59.628Z"}
{"level":"info","message":"user hit the validateTokenMiddleware","service":"auth-service","timestamp":"2025-09-03T16:29:59.628Z"}
{"level":"info","message":"request from /v1/contribution/group/groups having a method of GET","service":"auth-service","timestamp":"2025-09-03T16:30:04.489Z"}
{"level":"info","message":"user hit the validateTokenMiddleware","service":"auth-service","timestamp":"2025-09-03T16:30:04.504Z"}
{"level":"info","message":"request from /v1/contribution/group/groups having a method of GET","service":"auth-service","timestamp":"2025-09-03T16:30:04.530Z"}
{"level":"info","message":"user hit the validateTokenMiddleware","service":"auth-service","timestamp":"2025-09-03T16:30:04.530Z"}
{"level":"info","message":"request from /v1/contribution/group/groups having a method of GET","service":"auth-service","timestamp":"2025-09-03T16:30:07.004Z"}
{"level":"info","message":"user hit the validateTokenMiddleware","service":"auth-service","timestamp":"2025-09-03T16:30:07.005Z"}
{"level":"info","message":"request from /v1/contribution/group/groups having a method of GET","service":"auth-service","timestamp":"2025-09-03T16:30:07.013Z"}
{"level":"info","message":"user hit the validateTokenMiddleware","service":"auth-service","timestamp":"2025-09-03T16:30:07.013Z"}
{"level":"info","message":"request from /v1/contribution/group/groups having a method of GET","service":"auth-service","timestamp":"2025-09-03T16:30:12.227Z"}
{"level":"info","message":"user hit the validateTokenMiddleware","service":"auth-service","timestamp":"2025-09-03T16:30:12.229Z"}
{"level":"info","message":"request from /v1/contribution/group/groups having a method of GET","service":"auth-service","timestamp":"2025-09-03T16:30:12.237Z"}
{"level":"info","message":"user hit the validateTokenMiddleware","service":"auth-service","timestamp":"2025-09-03T16:30:12.238Z"}
{"level":"info","message":"request from /v1/contribution/group/groups having a method of GET","service":"auth-service","timestamp":"2025-09-03T16:30:13.101Z"}
{"level":"info","message":"user hit the validateTokenMiddleware","service":"auth-service","timestamp":"2025-09-03T16:30:13.101Z"}
{"level":"info","message":"request from /v1/contribution/group/groups having a method of GET","service":"auth-service","timestamp":"2025-09-03T16:30:13.111Z"}
{"level":"info","message":"user hit the validateTokenMiddleware","service":"auth-service","timestamp":"2025-09-03T16:30:13.112Z"}
{"level":"info","message":"request from /v1/contribution/group/groups having a method of GET","service":"auth-service","timestamp":"2025-09-03T16:30:13.947Z"}
{"level":"info","message":"user hit the validateTokenMiddleware","service":"auth-service","timestamp":"2025-09-03T16:30:13.948Z"}
{"level":"info","message":"request from /v1/contribution/group/groups having a method of GET","service":"auth-service","timestamp":"2025-09-03T16:30:13.952Z"}
{"level":"info","message":"user hit the validateTokenMiddleware","service":"auth-service","timestamp":"2025-09-03T16:30:13.952Z"}
{"level":"info","message":"request from /v1/contribution/group/groups having a method of GET","service":"auth-service","timestamp":"2025-09-03T16:30:27.489Z"}
{"level":"info","message":"user hit the validateTokenMiddleware","service":"auth-service","timestamp":"2025-09-03T16:30:27.491Z"}
{"level":"info","message":"request from /v1/contribution/group/groups having a method of GET","service":"auth-service","timestamp":"2025-09-03T16:30:27.497Z"}
{"level":"info","message":"user hit the validateTokenMiddleware","service":"auth-service","timestamp":"2025-09-03T16:30:27.497Z"}
{"level":"info","message":"request from /v1/contribution/group/groups having a method of GET","service":"auth-service","timestamp":"2025-09-03T16:30:30.177Z"}
{"level":"info","message":"user hit the validateTokenMiddleware","service":"auth-service","timestamp":"2025-09-03T16:30:30.180Z"}
{"level":"info","message":"request from /v1/contribution/group/groups having a method of GET","service":"auth-service","timestamp":"2025-09-03T16:30:30.188Z"}
{"level":"info","message":"user hit the validateTokenMiddleware","service":"auth-service","timestamp":"2025-09-03T16:30:30.188Z"}
{"level":"info","message":"request from /v1/contribution/group/groups having a method of GET","service":"auth-service","timestamp":"2025-09-03T16:30:41.677Z"}
{"level":"info","message":"user hit the validateTokenMiddleware","service":"auth-service","timestamp":"2025-09-03T16:30:41.681Z"}
{"level":"info","message":"request from /v1/contribution/group/groups having a method of GET","service":"auth-service","timestamp":"2025-09-03T16:30:41.691Z"}
{"level":"info","message":"user hit the validateTokenMiddleware","service":"auth-service","timestamp":"2025-09-03T16:30:41.692Z"}
{"level":"info","message":"request from /v1/contribution/group/groups having a method of GET","service":"auth-service","timestamp":"2025-09-03T16:30:43.981Z"}
{"level":"info","message":"user hit the validateTokenMiddleware","service":"auth-service","timestamp":"2025-09-03T16:30:43.985Z"}
{"level":"info","message":"request from /v1/contribution/group/groups having a method of GET","service":"auth-service","timestamp":"2025-09-03T16:30:44.014Z"}
{"level":"info","message":"user hit the validateTokenMiddleware","service":"auth-service","timestamp":"2025-09-03T16:30:44.014Z"}
{"level":"info","message":"request from /v1/contribution/group/groups having a method of GET","service":"auth-service","timestamp":"2025-09-03T16:30:51.863Z"}
{"level":"info","message":"user hit the validateTokenMiddleware","service":"auth-service","timestamp":"2025-09-03T16:30:51.867Z"}
{"level":"info","message":"request from /v1/contribution/group/groups having a method of GET","service":"auth-service","timestamp":"2025-09-03T16:30:51.895Z"}
{"level":"info","message":"user hit the validateTokenMiddleware","service":"auth-service","timestamp":"2025-09-03T16:30:51.895Z"}
{"level":"info","message":"request from /v1/contribution/group/groups having a method of GET","service":"auth-service","timestamp":"2025-09-03T16:31:00.318Z"}
{"level":"info","message":"user hit the validateTokenMiddleware","service":"auth-service","timestamp":"2025-09-03T16:31:00.328Z"}
{"level":"info","message":"request from /v1/contribution/group/groups having a method of GET","service":"auth-service","timestamp":"2025-09-03T16:31:00.354Z"}
{"level":"info","message":"user hit the validateTokenMiddleware","service":"auth-service","timestamp":"2025-09-03T16:31:00.354Z"}
{"level":"info","message":"request from /v1/contribution/group/groups having a method of GET","service":"auth-service","timestamp":"2025-09-03T16:31:04.676Z"}
{"level":"info","message":"user hit the validateTokenMiddleware","service":"auth-service","timestamp":"2025-09-03T16:31:04.686Z"}
{"level":"info","message":"request from /v1/contribution/group/groups having a method of GET","service":"auth-service","timestamp":"2025-09-03T16:31:04.717Z"}
{"level":"info","message":"user hit the validateTokenMiddleware","service":"auth-service","timestamp":"2025-09-03T16:31:04.717Z"}
{"level":"info","message":"request from /v1/contribution/group/groups having a method of GET","service":"auth-service","timestamp":"2025-09-03T16:31:43.833Z"}
{"level":"info","message":"user hit the validateTokenMiddleware","service":"auth-service","timestamp":"2025-09-03T16:31:43.840Z"}
{"level":"info","message":"request from /v1/contribution/group/groups having a method of GET","service":"auth-service","timestamp":"2025-09-03T16:31:43.861Z"}
{"level":"info","message":"user hit the validateTokenMiddleware","service":"auth-service","timestamp":"2025-09-03T16:31:43.862Z"}
{"level":"info","message":"request from /v1/contribution/group/groups having a method of GET","service":"auth-service","timestamp":"2025-09-03T16:33:46.013Z"}
{"level":"info","message":"user hit the validateTokenMiddleware","service":"auth-service","timestamp":"2025-09-03T16:33:46.020Z"}
{"level":"info","message":"request from /v1/contribution/group/groups having a method of GET","service":"auth-service","timestamp":"2025-09-03T16:33:47.725Z"}
{"level":"info","message":"user hit the validateTokenMiddleware","service":"auth-service","timestamp":"2025-09-03T16:33:47.737Z"}
{"level":"info","message":"request from /v1/auth/login having a method of POST","service":"auth-service","timestamp":"2025-09-03T16:58:47.494Z"}
{"level":"info","message":"request from /v1/contribution/group/groups having a method of GET","service":"auth-service","timestamp":"2025-09-03T16:58:48.732Z"}
{"level":"info","message":"user hit the validateTokenMiddleware","service":"auth-service","timestamp":"2025-09-03T16:58:48.748Z"}
{"level":"info","message":"request from /v1/auth/login having a method of POST","service":"auth-service","timestamp":"2025-09-03T23:25:55.592Z"}
{"level":"info","message":"request from /v1/contribution/group/groups having a method of GET","service":"auth-service","timestamp":"2025-09-03T23:25:57.027Z"}
{"level":"info","message":"user hit the validateTokenMiddleware","service":"auth-service","timestamp":"2025-09-03T23:25:57.028Z"}
{"level":"info","message":"request from /v1/auth/login having a method of POST","service":"auth-service","timestamp":"2025-09-04T00:40:52.268Z"}
{"level":"info","message":"request from /v1/auth/login having a method of POST","service":"auth-service","timestamp":"2025-09-04T01:08:59.457Z"}
{"level":"info","message":"request from /v1/auth/login having a method of POST","service":"auth-service","timestamp":"2025-09-04T01:19:49.313Z"}
{"level":"info","message":"request from /v1/auth/login having a method of POST","service":"auth-service","timestamp":"2025-09-04T01:24:15.357Z"}
{"level":"info","message":"request from /v1/auth/login having a method of POST","service":"auth-service","timestamp":"2025-09-04T01:44:07.202Z"}
{"level":"info","message":"request from /v1/auth/login having a method of POST","service":"auth-service","timestamp":"2025-09-04T11:49:53.322Z"}
{"level":"info","message":"request from /v1/contribution/group/groups having a method of GET","service":"auth-service","timestamp":"2025-09-04T11:49:58.378Z"}
{"level":"info","message":"user hit the validateTokenMiddleware","service":"auth-service","timestamp":"2025-09-04T11:49:58.380Z"}
{"level":"info","message":"request from /v1/contribution/group/groups having a method of GET","service":"auth-service","timestamp":"2025-09-04T11:49:58.411Z"}
{"level":"info","message":"user hit the validateTokenMiddleware","service":"auth-service","timestamp":"2025-09-04T11:49:58.411Z"}
{"level":"info","message":"request from /v1/contribution/group/groups having a method of GET","service":"auth-service","timestamp":"2025-09-04T11:50:55.614Z"}
{"level":"info","message":"user hit the validateTokenMiddleware","service":"auth-service","timestamp":"2025-09-04T11:50:55.618Z"}
{"level":"info","message":"request from /v1/contribution/group/groups having a method of GET","service":"auth-service","timestamp":"2025-09-04T11:50:55.680Z"}
{"level":"info","message":"user hit the validateTokenMiddleware","service":"auth-service","timestamp":"2025-09-04T11:50:55.680Z"}
{"level":"info","message":"request from /v1/contribution/member/addMember having a method of POST","service":"auth-service","timestamp":"2025-09-04T11:50:58.131Z"}
{"level":"info","message":"user hit the validateTokenMiddleware","service":"auth-service","timestamp":"2025-09-04T11:50:58.132Z"}
{"level":"info","message":"request from /v1/contribution/group/groups having a method of GET","service":"auth-service","timestamp":"2025-09-04T11:52:31.681Z"}
{"level":"info","message":"user hit the validateTokenMiddleware","service":"auth-service","timestamp":"2025-09-04T11:52:31.684Z"}
{"level":"info","message":"request from /v1/contribution/group/groups having a method of GET","service":"auth-service","timestamp":"2025-09-04T11:52:31.690Z"}
{"level":"info","message":"user hit the validateTokenMiddleware","service":"auth-service","timestamp":"2025-09-04T11:52:31.690Z"}
{"level":"info","message":"request from /v1/contribution/group/groups having a method of GET","service":"auth-service","timestamp":"2025-09-04T11:57:44.025Z"}
{"level":"info","message":"user hit the validateTokenMiddleware","service":"auth-service","timestamp":"2025-09-04T11:57:44.053Z"}
{"level":"info","message":"request from /v1/contribution/group/groups having a method of GET","service":"auth-service","timestamp":"2025-09-04T11:57:44.119Z"}
{"level":"info","message":"user hit the validateTokenMiddleware","service":"auth-service","timestamp":"2025-09-04T11:57:44.120Z"}
{"level":"info","message":"request from /v1/contribution/group/groups having a method of GET","service":"auth-service","timestamp":"2025-09-04T12:07:03.598Z"}
{"level":"info","message":"user hit the validateTokenMiddleware","service":"auth-service","timestamp":"2025-09-04T12:07:03.623Z"}
{"level":"info","message":"request from /v1/contribution/group/groups having a method of GET","service":"auth-service","timestamp":"2025-09-04T12:07:03.730Z"}
{"level":"info","message":"user hit the validateTokenMiddleware","service":"auth-service","timestamp":"2025-09-04T12:07:03.730Z"}
{"level":"info","message":"request from /v1/contribution/group/groups having a method of GET","service":"auth-service","timestamp":"2025-09-04T12:10:10.705Z"}
{"level":"info","message":"user hit the validateTokenMiddleware","service":"auth-service","timestamp":"2025-09-04T12:10:10.711Z"}
{"level":"info","message":"request from /v1/contribution/group/groups having a method of GET","service":"auth-service","timestamp":"2025-09-04T12:10:10.745Z"}
{"level":"info","message":"user hit the validateTokenMiddleware","service":"auth-service","timestamp":"2025-09-04T12:10:10.746Z"}
{"level":"info","message":"request from /v1/contribution/group/groups having a method of GET","service":"auth-service","timestamp":"2025-09-04T12:11:28.838Z"}
{"level":"info","message":"user hit the validateTokenMiddleware","service":"auth-service","timestamp":"2025-09-04T12:11:28.843Z"}
{"level":"info","message":"request from /v1/contribution/group/groups having a method of GET","service":"auth-service","timestamp":"2025-09-04T12:11:28.868Z"}
{"level":"info","message":"user hit the validateTokenMiddleware","service":"auth-service","timestamp":"2025-09-04T12:11:28.868Z"}
{"level":"info","message":"request from /v1/auth/login having a method of POST","service":"auth-service","timestamp":"2025-09-04T13:18:14.894Z"}
{"level":"info","message":"request from /v1/contribution/group/groups having a method of GET","service":"auth-service","timestamp":"2025-09-04T13:18:19.152Z"}
{"level":"info","message":"user hit the validateTokenMiddleware","service":"auth-service","timestamp":"2025-09-04T13:18:19.157Z"}
{"level":"info","message":"request from /v1/contribution/group/groups having a method of GET","service":"auth-service","timestamp":"2025-09-04T13:18:19.221Z"}
{"level":"info","message":"user hit the validateTokenMiddleware","service":"auth-service","timestamp":"2025-09-04T13:18:19.222Z"}
{"level":"info","message":"request from /v1/contribution/group/68b7a116d13a1cfe7a371afd having a method of GET","service":"auth-service","timestamp":"2025-09-04T13:19:49.103Z"}
{"level":"info","message":"user hit the validateTokenMiddleware","service":"auth-service","timestamp":"2025-09-04T13:19:49.111Z"}
{"level":"info","message":"request from /v1/contribution/group/members/68b7a116d13a1cfe7a371afd having a method of GET","service":"auth-service","timestamp":"2025-09-04T13:19:49.145Z"}
{"level":"info","message":"user hit the validateTokenMiddleware","service":"auth-service","timestamp":"2025-09-04T13:19:49.146Z"}
{"level":"info","message":"request from /v1/contribution/group/68b7a116d13a1cfe7a371afd having a method of GET","service":"auth-service","timestamp":"2025-09-04T13:20:11.235Z"}
{"level":"info","message":"user hit the validateTokenMiddleware","service":"auth-service","timestamp":"2025-09-04T13:20:11.237Z"}
{"level":"info","message":"request from /v1/contribution/group/members/68b7a116d13a1cfe7a371afd having a method of GET","service":"auth-service","timestamp":"2025-09-04T13:20:11.255Z"}
{"level":"info","message":"user hit the validateTokenMiddleware","service":"auth-service","timestamp":"2025-09-04T13:20:11.261Z"}
{"level":"info","message":"request from /v1/contribution/group/68b7a116d13a1cfe7a371afd having a method of GET","service":"auth-service","timestamp":"2025-09-04T13:20:11.866Z"}
{"level":"info","message":"user hit the validateTokenMiddleware","service":"auth-service","timestamp":"2025-09-04T13:20:11.867Z"}
{"level":"info","message":"request from /v1/contribution/group/members/68b7a116d13a1cfe7a371afd having a method of GET","service":"auth-service","timestamp":"2025-09-04T13:20:11.881Z"}
{"level":"info","message":"user hit the validateTokenMiddleware","service":"auth-service","timestamp":"2025-09-04T13:20:11.881Z"}
{"level":"info","message":"request from /v1/contribution/group/members/68b7a116d13a1cfe7a371afd having a method of GET","service":"auth-service","timestamp":"2025-09-04T13:20:22.991Z"}
{"level":"info","message":"user hit the validateTokenMiddleware","service":"auth-service","timestamp":"2025-09-04T13:20:22.992Z"}
{"level":"info","message":"request from /v1/contribution/group/68b7a116d13a1cfe7a371afd having a method of GET","service":"auth-service","timestamp":"2025-09-04T13:20:22.996Z"}
{"level":"info","message":"user hit the validateTokenMiddleware","service":"auth-service","timestamp":"2025-09-04T13:20:22.997Z"}
{"level":"info","message":"request from /v1/contribution/group/groups having a method of GET","service":"auth-service","timestamp":"2025-09-04T13:20:42.926Z"}
{"level":"info","message":"user hit the validateTokenMiddleware","service":"auth-service","timestamp":"2025-09-04T13:20:42.931Z"}
{"level":"info","message":"request from /v1/contribution/group/groups having a method of GET","service":"auth-service","timestamp":"2025-09-04T13:20:42.940Z"}
{"level":"info","message":"user hit the validateTokenMiddleware","service":"auth-service","timestamp":"2025-09-04T13:20:42.940Z"}
{"level":"info","message":"request from /v1/contribution/group/68b7a146d13a1cfe7a371aff having a method of GET","service":"auth-service","timestamp":"2025-09-04T13:20:46.057Z"}
{"level":"info","message":"user hit the validateTokenMiddleware","service":"auth-service","timestamp":"2025-09-04T13:20:46.059Z"}
{"level":"info","message":"request from /v1/contribution/group/members/68b7a146d13a1cfe7a371aff having a method of GET","service":"auth-service","timestamp":"2025-09-04T13:20:46.076Z"}
{"level":"info","message":"user hit the validateTokenMiddleware","service":"auth-service","timestamp":"2025-09-04T13:20:46.076Z"}
{"level":"info","message":"request from /v1/contribution/group/groups having a method of GET","service":"auth-service","timestamp":"2025-09-04T13:23:28.778Z"}
{"level":"info","message":"user hit the validateTokenMiddleware","service":"auth-service","timestamp":"2025-09-04T13:23:28.797Z"}
{"level":"info","message":"request from /v1/contribution/group/groups having a method of GET","service":"auth-service","timestamp":"2025-09-04T13:23:28.883Z"}
{"level":"info","message":"user hit the validateTokenMiddleware","service":"auth-service","timestamp":"2025-09-04T13:23:28.887Z"}
{"level":"info","message":"request from /v1/contribution/group/groups having a method of GET","service":"auth-service","timestamp":"2025-09-04T13:27:12.542Z"}
{"level":"info","message":"user hit the validateTokenMiddleware","service":"auth-service","timestamp":"2025-09-04T13:27:12.552Z"}
{"level":"info","message":"request from /v1/contribution/group/groups having a method of GET","service":"auth-service","timestamp":"2025-09-04T13:27:12.585Z"}
{"level":"info","message":"user hit the validateTokenMiddleware","service":"auth-service","timestamp":"2025-09-04T13:27:12.586Z"}
{"level":"info","message":"request from /v1/contribution/group/68b7a146d13a1cfe7a371aff having a method of GET","service":"auth-service","timestamp":"2025-09-04T13:27:15.626Z"}
{"level":"info","message":"user hit the validateTokenMiddleware","service":"auth-service","timestamp":"2025-09-04T13:27:15.627Z"}
{"level":"info","message":"request from /v1/contribution/group/members/68b7a146d13a1cfe7a371aff having a method of GET","service":"auth-service","timestamp":"2025-09-04T13:27:15.631Z"}
{"level":"info","message":"user hit the validateTokenMiddleware","service":"auth-service","timestamp":"2025-09-04T13:27:15.631Z"}
{"level":"info","message":"request from /v1/contribution/group/68b7a146d13a1cfe7a371aff having a method of GET","service":"auth-service","timestamp":"2025-09-04T13:28:18.930Z"}
{"level":"info","message":"user hit the validateTokenMiddleware","service":"auth-service","timestamp":"2025-09-04T13:28:18.937Z"}
{"level":"info","message":"request from /v1/contribution/group/members/68b7a146d13a1cfe7a371aff having a method of GET","service":"auth-service","timestamp":"2025-09-04T13:28:18.984Z"}
{"level":"info","message":"user hit the validateTokenMiddleware","service":"auth-service","timestamp":"2025-09-04T13:28:18.987Z"}
{"level":"info","message":"request from /v1/contribution/group/68b7a146d13a1cfe7a371aff having a method of GET","service":"auth-service","timestamp":"2025-09-04T13:28:19.458Z"}
{"level":"info","message":"user hit the validateTokenMiddleware","service":"auth-service","timestamp":"2025-09-04T13:28:19.467Z"}
{"level":"info","message":"request from /v1/contribution/group/members/68b7a146d13a1cfe7a371aff having a method of GET","service":"auth-service","timestamp":"2025-09-04T13:28:19.478Z"}
{"level":"info","message":"user hit the validateTokenMiddleware","service":"auth-service","timestamp":"2025-09-04T13:28:19.479Z"}
{"level":"info","message":"request from /v1/contribution/group/members/68b7a146d13a1cfe7a371aff having a method of GET","service":"auth-service","timestamp":"2025-09-04T13:28:39.193Z"}
{"level":"info","message":"user hit the validateTokenMiddleware","service":"auth-service","timestamp":"2025-09-04T13:28:39.196Z"}
{"level":"info","message":"request from /v1/contribution/group/68b7a146d13a1cfe7a371aff having a method of GET","service":"auth-service","timestamp":"2025-09-04T13:28:39.213Z"}
{"level":"info","message":"user hit the validateTokenMiddleware","service":"auth-service","timestamp":"2025-09-04T13:28:39.213Z"}
{"level":"info","message":"request from /v1/contribution/group/members/68b7a146d13a1cfe7a371aff having a method of GET","service":"auth-service","timestamp":"2025-09-04T13:30:35.371Z"}
{"level":"info","message":"user hit the validateTokenMiddleware","service":"auth-service","timestamp":"2025-09-04T13:30:35.384Z"}
{"level":"info","message":"request from /v1/contribution/group/68b7a146d13a1cfe7a371aff having a method of GET","service":"auth-service","timestamp":"2025-09-04T13:30:35.423Z"}
{"level":"info","message":"user hit the validateTokenMiddleware","service":"auth-service","timestamp":"2025-09-04T13:30:35.424Z"}
{"level":"info","message":"request from /v1/contribution/group/68b7a146d13a1cfe7a371aff having a method of GET","service":"auth-service","timestamp":"2025-09-04T13:30:35.588Z"}
{"level":"info","message":"user hit the validateTokenMiddleware","service":"auth-service","timestamp":"2025-09-04T13:30:35.594Z"}
{"level":"info","message":"request from /v1/contribution/group/members/68b7a146d13a1cfe7a371aff having a method of GET","service":"auth-service","timestamp":"2025-09-04T13:30:35.699Z"}
{"level":"info","message":"user hit the validateTokenMiddleware","service":"auth-service","timestamp":"2025-09-04T13:30:35.702Z"}
{"level":"info","message":"request from /v1/contribution/group/68b7a146d13a1cfe7a371aff having a method of GET","service":"auth-service","timestamp":"2025-09-04T13:30:44.450Z"}
{"level":"info","message":"user hit the validateTokenMiddleware","service":"auth-service","timestamp":"2025-09-04T13:30:44.454Z"}
{"level":"info","message":"request from /v1/contribution/group/members/68b7a146d13a1cfe7a371aff having a method of GET","service":"auth-service","timestamp":"2025-09-04T13:30:44.474Z"}
{"level":"info","message":"user hit the validateTokenMiddleware","service":"auth-service","timestamp":"2025-09-04T13:30:44.474Z"}
{"level":"info","message":"request from /v1/contribution/group/members/68b7a146d13a1cfe7a371aff having a method of GET","service":"auth-service","timestamp":"2025-09-04T13:30:44.972Z"}
{"level":"info","message":"user hit the validateTokenMiddleware","service":"auth-service","timestamp":"2025-09-04T13:30:44.973Z"}
{"level":"info","message":"request from /v1/contribution/group/68b7a146d13a1cfe7a371aff having a method of GET","service":"auth-service","timestamp":"2025-09-04T13:30:44.982Z"}
{"level":"info","message":"user hit the validateTokenMiddleware","service":"auth-service","timestamp":"2025-09-04T13:30:44.983Z"}
{"level":"info","message":"request from /v1/contribution/group/68b7a146d13a1cfe7a371aff having a method of GET","service":"auth-service","timestamp":"2025-09-04T13:31:11.703Z"}
{"level":"info","message":"user hit the validateTokenMiddleware","service":"auth-service","timestamp":"2025-09-04T13:31:11.706Z"}
{"level":"info","message":"request from /v1/contribution/group/members/68b7a146d13a1cfe7a371aff having a method of GET","service":"auth-service","timestamp":"2025-09-04T13:31:11.712Z"}
{"level":"info","message":"user hit the validateTokenMiddleware","service":"auth-service","timestamp":"2025-09-04T13:31:11.713Z"}
{"level":"info","message":"request from /v1/contribution/group/68b7a146d13a1cfe7a371aff having a method of GET","service":"auth-service","timestamp":"2025-09-04T13:31:36.212Z"}
{"level":"info","message":"user hit the validateTokenMiddleware","service":"auth-service","timestamp":"2025-09-04T13:31:36.218Z"}
{"level":"info","message":"request from /v1/contribution/group/members/68b7a146d13a1cfe7a371aff having a method of GET","service":"auth-service","timestamp":"2025-09-04T13:31:36.246Z"}
{"level":"info","message":"user hit the validateTokenMiddleware","service":"auth-service","timestamp":"2025-09-04T13:31:36.248Z"}
{"level":"info","message":"request from /v1/auth/login having a method of POST","service":"auth-service","timestamp":"2025-09-04T13:36:45.612Z"}
{"level":"info","message":"request from /v1/contribution/group/groups having a method of GET","service":"auth-service","timestamp":"2025-09-04T13:36:49.923Z"}
{"level":"info","message":"user hit the validateTokenMiddleware","service":"auth-service","timestamp":"2025-09-04T13:36:49.925Z"}
{"level":"info","message":"request from /v1/contribution/group/groups having a method of GET","service":"auth-service","timestamp":"2025-09-04T13:36:49.948Z"}
{"level":"info","message":"user hit the validateTokenMiddleware","service":"auth-service","timestamp":"2025-09-04T13:36:49.949Z"}
{"level":"info","message":"request from /v1/contribution/group/68b7a146d13a1cfe7a371aff having a method of GET","service":"auth-service","timestamp":"2025-09-04T13:36:58.817Z"}
{"level":"info","message":"user hit the validateTokenMiddleware","service":"auth-service","timestamp":"2025-09-04T13:36:58.817Z"}
{"level":"info","message":"request from /v1/contribution/group/members/68b7a146d13a1cfe7a371aff having a method of GET","service":"auth-service","timestamp":"2025-09-04T13:36:58.825Z"}
{"level":"info","message":"user hit the validateTokenMiddleware","service":"auth-service","timestamp":"2025-09-04T13:36:58.825Z"}
{"level":"info","message":"request from /v1/contribution/group/68b7a146d13a1cfe7a371aff having a method of GET","service":"auth-service","timestamp":"2025-09-04T13:38:37.723Z"}
{"level":"info","message":"user hit the validateTokenMiddleware","service":"auth-service","timestamp":"2025-09-04T13:38:37.724Z"}
{"level":"info","message":"request from /v1/contribution/group/members/68b7a146d13a1cfe7a371aff having a method of GET","service":"auth-service","timestamp":"2025-09-04T13:38:37.775Z"}
{"level":"info","message":"user hit the validateTokenMiddleware","service":"auth-service","timestamp":"2025-09-04T13:38:37.775Z"}
{"level":"info","message":"request from /v1/contribution/group/68b7a146d13a1cfe7a371aff having a method of GET","service":"auth-service","timestamp":"2025-09-04T13:38:38.717Z"}
{"level":"info","message":"user hit the validateTokenMiddleware","service":"auth-service","timestamp":"2025-09-04T13:38:38.719Z"}
{"level":"info","message":"request from /v1/contribution/group/members/68b7a146d13a1cfe7a371aff having a method of GET","service":"auth-service","timestamp":"2025-09-04T13:38:38.733Z"}
{"level":"info","message":"user hit the validateTokenMiddleware","service":"auth-service","timestamp":"2025-09-04T13:38:38.734Z"}
{"level":"info","message":"request from /v1/contribution/group/68b7a146d13a1cfe7a371aff having a method of GET","service":"auth-service","timestamp":"2025-09-04T13:38:46.919Z"}
{"level":"info","message":"user hit the validateTokenMiddleware","service":"auth-service","timestamp":"2025-09-04T13:38:46.924Z"}
{"level":"info","message":"request from /v1/contribution/group/members/68b7a146d13a1cfe7a371aff having a method of GET","service":"auth-service","timestamp":"2025-09-04T13:38:46.929Z"}
{"level":"info","message":"user hit the validateTokenMiddleware","service":"auth-service","timestamp":"2025-09-04T13:38:46.934Z"}
{"level":"info","message":"request from /v1/contribution/group/68b7a146d13a1cfe7a371aff having a method of GET","service":"auth-service","timestamp":"2025-09-04T13:38:47.582Z"}
{"level":"info","message":"user hit the validateTokenMiddleware","service":"auth-service","timestamp":"2025-09-04T13:38:47.590Z"}
{"level":"info","message":"request from /v1/contribution/group/members/68b7a146d13a1cfe7a371aff having a method of GET","service":"auth-service","timestamp":"2025-09-04T13:38:47.598Z"}
{"level":"info","message":"user hit the validateTokenMiddleware","service":"auth-service","timestamp":"2025-09-04T13:38:47.598Z"}
{"level":"info","message":"request from /v1/contribution/group/68b7a146d13a1cfe7a371aff having a method of GET","service":"auth-service","timestamp":"2025-09-04T13:38:57.260Z"}
{"level":"info","message":"user hit the validateTokenMiddleware","service":"auth-service","timestamp":"2025-09-04T13:38:57.268Z"}
{"level":"info","message":"request from /v1/contribution/group/members/68b7a146d13a1cfe7a371aff having a method of GET","service":"auth-service","timestamp":"2025-09-04T13:38:57.287Z"}
{"level":"info","message":"user hit the validateTokenMiddleware","service":"auth-service","timestamp":"2025-09-04T13:38:57.288Z"}
{"level":"info","message":"request from /v1/contribution/group/68b7a146d13a1cfe7a371aff having a method of GET","service":"auth-service","timestamp":"2025-09-04T13:39:00.118Z"}
{"level":"info","message":"user hit the validateTokenMiddleware","service":"auth-service","timestamp":"2025-09-04T13:39:00.119Z"}
{"level":"info","message":"request from /v1/contribution/group/members/68b7a146d13a1cfe7a371aff having a method of GET","service":"auth-service","timestamp":"2025-09-04T13:39:00.122Z"}
{"level":"info","message":"user hit the validateTokenMiddleware","service":"auth-service","timestamp":"2025-09-04T13:39:00.122Z"}
{"level":"info","message":"request from /v1/contribution/group/68b7a146d13a1cfe7a371aff having a method of GET","service":"auth-service","timestamp":"2025-09-04T13:39:10.102Z"}
{"level":"info","message":"user hit the validateTokenMiddleware","service":"auth-service","timestamp":"2025-09-04T13:39:10.103Z"}
{"level":"info","message":"request from /v1/contribution/group/members/68b7a146d13a1cfe7a371aff having a method of GET","service":"auth-service","timestamp":"2025-09-04T13:39:10.114Z"}
{"level":"info","message":"user hit the validateTokenMiddleware","service":"auth-service","timestamp":"2025-09-04T13:39:10.117Z"}
{"level":"info","message":"request from /v1/contribution/group/members/68b7a146d13a1cfe7a371aff having a method of GET","service":"auth-service","timestamp":"2025-09-04T13:39:12.224Z"}
{"level":"info","message":"user hit the validateTokenMiddleware","service":"auth-service","timestamp":"2025-09-04T13:39:12.233Z"}
{"level":"info","message":"request from /v1/contribution/group/68b7a146d13a1cfe7a371aff having a method of GET","service":"auth-service","timestamp":"2025-09-04T13:39:12.271Z"}
{"level":"info","message":"user hit the validateTokenMiddleware","service":"auth-service","timestamp":"2025-09-04T13:39:12.271Z"}
{"level":"info","message":"request from /v1/contribution/group/68b7a146d13a1cfe7a371aff having a method of GET","service":"auth-service","timestamp":"2025-09-04T13:39:13.144Z"}
{"level":"info","message":"user hit the validateTokenMiddleware","service":"auth-service","timestamp":"2025-09-04T13:39:13.150Z"}
{"level":"info","message":"request from /v1/contribution/group/members/68b7a146d13a1cfe7a371aff having a method of GET","service":"auth-service","timestamp":"2025-09-04T13:39:13.157Z"}
{"level":"info","message":"user hit the validateTokenMiddleware","service":"auth-service","timestamp":"2025-09-04T13:39:13.158Z"}
{"level":"info","message":"request from /v1/contribution/group/members/68b7a146d13a1cfe7a371aff having a method of GET","service":"auth-service","timestamp":"2025-09-04T13:42:45.820Z"}
{"level":"info","message":"user hit the validateTokenMiddleware","service":"auth-service","timestamp":"2025-09-04T13:42:45.826Z"}
{"level":"info","message":"request from /v1/contribution/group/groups having a method of GET","service":"auth-service","timestamp":"2025-09-04T13:42:45.852Z"}
{"level":"info","message":"user hit the validateTokenMiddleware","service":"auth-service","timestamp":"2025-09-04T13:42:45.852Z"}
{"level":"info","message":"request from /v1/contribution/group/groups having a method of GET","service":"auth-service","timestamp":"2025-09-04T13:42:45.909Z"}
{"level":"info","message":"user hit the validateTokenMiddleware","service":"auth-service","timestamp":"2025-09-04T13:42:45.910Z"}
{"level":"info","message":"request from /v1/contribution/group/68b7a146d13a1cfe7a371aff having a method of GET","service":"auth-service","timestamp":"2025-09-04T13:42:45.923Z"}
{"level":"info","message":"user hit the validateTokenMiddleware","service":"auth-service","timestamp":"2025-09-04T13:42:45.923Z"}
{"level":"info","message":"request from /v1/contribution/group/groups having a method of GET","service":"auth-service","timestamp":"2025-09-04T13:42:46.935Z"}
{"level":"info","message":"user hit the validateTokenMiddleware","service":"auth-service","timestamp":"2025-09-04T13:42:46.941Z"}
{"level":"info","message":"request from /v1/contribution/group/members/68b7a146d13a1cfe7a371aff having a method of GET","service":"auth-service","timestamp":"2025-09-04T13:42:47.039Z"}
{"level":"info","message":"user hit the validateTokenMiddleware","service":"auth-service","timestamp":"2025-09-04T13:42:47.039Z"}
{"level":"info","message":"request from /v1/contribution/group/groups having a method of GET","service":"auth-service","timestamp":"2025-09-04T13:42:47.041Z"}
{"level":"info","message":"user hit the validateTokenMiddleware","service":"auth-service","timestamp":"2025-09-04T13:42:47.042Z"}
{"level":"info","message":"request from /v1/contribution/group/68b7a146d13a1cfe7a371aff having a method of GET","service":"auth-service","timestamp":"2025-09-04T13:42:47.056Z"}
{"level":"info","message":"user hit the validateTokenMiddleware","service":"auth-service","timestamp":"2025-09-04T13:42:47.056Z"}
{"level":"info","message":"request from /v1/contribution/group/groups having a method of GET","service":"auth-service","timestamp":"2025-09-04T13:45:36.505Z"}
{"level":"info","message":"user hit the validateTokenMiddleware","service":"auth-service","timestamp":"2025-09-04T13:45:36.510Z"}
{"level":"info","message":"request from /v1/contribution/group/68b7a146d13a1cfe7a371aff having a method of GET","service":"auth-service","timestamp":"2025-09-04T13:45:36.544Z"}
{"level":"info","message":"user hit the validateTokenMiddleware","service":"auth-service","timestamp":"2025-09-04T13:45:36.544Z"}
{"level":"info","message":"request from /v1/contribution/group/members/68b7a146d13a1cfe7a371aff having a method of GET","service":"auth-service","timestamp":"2025-09-04T13:45:36.589Z"}
{"level":"info","message":"user hit the validateTokenMiddleware","service":"auth-service","timestamp":"2025-09-04T13:45:36.590Z"}
{"level":"info","message":"request from /v1/contribution/group/groups having a method of GET","service":"auth-service","timestamp":"2025-09-04T13:45:36.648Z"}
{"level":"info","message":"user hit the validateTokenMiddleware","service":"auth-service","timestamp":"2025-09-04T13:45:36.650Z"}
{"level":"info","message":"request from /v1/contribution/group/groups having a method of GET","service":"auth-service","timestamp":"2025-09-04T13:46:46.632Z"}
{"level":"info","message":"user hit the validateTokenMiddleware","service":"auth-service","timestamp":"2025-09-04T13:46:46.639Z"}
{"level":"info","message":"request from /v1/contribution/group/68b7a146d13a1cfe7a371aff having a method of GET","service":"auth-service","timestamp":"2025-09-04T13:46:46.658Z"}
{"level":"info","message":"user hit the validateTokenMiddleware","service":"auth-service","timestamp":"2025-09-04T13:46:46.658Z"}
{"level":"info","message":"request from /v1/contribution/group/groups having a method of GET","service":"auth-service","timestamp":"2025-09-04T13:46:46.661Z"}
{"level":"info","message":"user hit the validateTokenMiddleware","service":"auth-service","timestamp":"2025-09-04T13:46:46.661Z"}
{"level":"info","message":"request from /v1/contribution/group/members/68b7a146d13a1cfe7a371aff having a method of GET","service":"auth-service","timestamp":"2025-09-04T13:46:46.726Z"}
{"level":"info","message":"user hit the validateTokenMiddleware","service":"auth-service","timestamp":"2025-09-04T13:46:46.726Z"}
{"level":"info","message":"request from /v1/auth/register having a method of POST","service":"auth-service","timestamp":"2025-09-04T14:02:12.484Z"}
{"level":"info","message":"request from /v1/auth/login having a method of POST","service":"auth-service","timestamp":"2025-09-04T14:02:41.826Z"}
{"level":"info","message":"request from /v1/auth/login having a method of POST","service":"auth-service","timestamp":"2025-09-04T14:11:49.010Z"}
{"level":"info","message":"request from /v1/auth/login having a method of POST","service":"auth-service","timestamp":"2025-09-04T14:12:20.811Z"}
{"level":"info","message":"request from /v1/contribution/group/groups having a method of GET","service":"auth-service","timestamp":"2025-09-04T14:12:51.815Z"}
{"level":"info","message":"user hit the validateTokenMiddleware","service":"auth-service","timestamp":"2025-09-04T14:12:51.816Z"}
{"level":"info","message":"request from /v1/contribution/group/groups having a method of GET","service":"auth-service","timestamp":"2025-09-04T14:12:51.852Z"}
{"level":"info","message":"user hit the validateTokenMiddleware","service":"auth-service","timestamp":"2025-09-04T14:12:51.853Z"}
{"level":"info","message":"request from /v1/contribution/member/addMember having a method of POST","service":"auth-service","timestamp":"2025-09-04T14:13:01.314Z"}
{"level":"info","message":"user hit the validateTokenMiddleware","service":"auth-service","timestamp":"2025-09-04T14:13:01.315Z"}
{"level":"info","message":"request from /v1/contribution/group/groups having a method of GET","service":"auth-service","timestamp":"2025-09-04T14:13:01.598Z"}
{"level":"info","message":"user hit the validateTokenMiddleware","service":"auth-service","timestamp":"2025-09-04T14:13:01.598Z"}
{"level":"info","message":"request from /v1/contribution/member/addMember having a method of POST","service":"auth-service","timestamp":"2025-09-04T14:13:04.903Z"}
{"level":"info","message":"user hit the validateTokenMiddleware","service":"auth-service","timestamp":"2025-09-04T14:13:04.904Z"}
{"level":"info","message":"request from /v1/contribution/group/68b7a146d13a1cfe7a371aff having a method of GET","service":"auth-service","timestamp":"2025-09-04T14:13:06.976Z"}
{"level":"info","message":"user hit the validateTokenMiddleware","service":"auth-service","timestamp":"2025-09-04T14:13:06.977Z"}
{"level":"info","message":"request from /v1/contribution/group/members/68b7a146d13a1cfe7a371aff having a method of GET","service":"auth-service","timestamp":"2025-09-04T14:13:06.980Z"}
{"level":"info","message":"user hit the validateTokenMiddleware","service":"auth-service","timestamp":"2025-09-04T14:13:06.980Z"}
{"level":"info","message":"request from /v1/auth/login having a method of POST","service":"auth-service","timestamp":"2025-09-04T14:15:11.161Z"}
{"level":"info","message":"request from /v1/contribution/group/groups having a method of GET","service":"auth-service","timestamp":"2025-09-04T14:15:20.173Z"}
{"level":"info","message":"user hit the validateTokenMiddleware","service":"auth-service","timestamp":"2025-09-04T14:15:20.179Z"}
{"level":"info","message":"request from /v1/contribution/group/groups having a method of GET","service":"auth-service","timestamp":"2025-09-04T14:15:20.210Z"}
{"level":"info","message":"user hit the validateTokenMiddleware","service":"auth-service","timestamp":"2025-09-04T14:15:20.211Z"}
{"level":"info","message":"request from /v1/contribution/group/68b7a116d13a1cfe7a371afd having a method of GET","service":"auth-service","timestamp":"2025-09-04T14:15:32.587Z"}
{"level":"info","message":"user hit the validateTokenMiddleware","service":"auth-service","timestamp":"2025-09-04T14:15:32.594Z"}
{"level":"info","message":"request from /v1/contribution/group/members/68b7a116d13a1cfe7a371afd having a method of GET","service":"auth-service","timestamp":"2025-09-04T14:15:32.599Z"}
{"level":"info","message":"user hit the validateTokenMiddleware","service":"auth-service","timestamp":"2025-09-04T14:15:32.599Z"}
{"level":"info","message":"request from /v1/contribution/member/addMember having a method of POST","service":"auth-service","timestamp":"2025-09-04T14:16:49.602Z"}
{"level":"info","message":"user hit the validateTokenMiddleware","service":"auth-service","timestamp":"2025-09-04T14:16:49.603Z"}
{"level":"info","message":"request from /v1/contribution/group/groups having a method of GET","service":"auth-service","timestamp":"2025-09-04T14:16:49.894Z"}
{"level":"info","message":"user hit the validateTokenMiddleware","service":"auth-service","timestamp":"2025-09-04T14:16:49.896Z"}
{"level":"info","message":"request from /v1/contribution/group/68b84f2bd13a1cfe7a371b8b having a method of GET","service":"auth-service","timestamp":"2025-09-04T14:16:52.021Z"}
{"level":"info","message":"user hit the validateTokenMiddleware","service":"auth-service","timestamp":"2025-09-04T14:16:52.024Z"}
{"level":"info","message":"request from /v1/contribution/group/members/68b84f2bd13a1cfe7a371b8b having a method of GET","service":"auth-service","timestamp":"2025-09-04T14:16:52.028Z"}
{"level":"info","message":"user hit the validateTokenMiddleware","service":"auth-service","timestamp":"2025-09-04T14:16:52.028Z"}
{"level":"info","message":"request from /v1/auth/login having a method of POST","service":"auth-service","timestamp":"2025-09-06T12:34:28.258Z"}
{"level":"info","message":"request from /v1/contribution/group/groups having a method of GET","service":"auth-service","timestamp":"2025-09-06T12:34:33.884Z"}
{"level":"info","message":"user hit the validateTokenMiddleware","service":"auth-service","timestamp":"2025-09-06T12:34:33.887Z"}
{"level":"info","message":"request from /v1/contribution/group/groups having a method of GET","service":"auth-service","timestamp":"2025-09-06T12:34:33.908Z"}
{"level":"info","message":"user hit the validateTokenMiddleware","service":"auth-service","timestamp":"2025-09-06T12:34:33.908Z"}
{"level":"info","message":"request from /v1/contribution/member/addMember having a method of POST","service":"auth-service","timestamp":"2025-09-06T12:34:57.830Z"}
{"level":"info","message":"user hit the validateTokenMiddleware","service":"auth-service","timestamp":"2025-09-06T12:34:57.835Z"}
{"level":"info","message":"request from /v1/contribution/group/68b7a146d13a1cfe7a371aff having a method of GET","service":"auth-service","timestamp":"2025-09-06T12:35:04.904Z"}
{"level":"info","message":"user hit the validateTokenMiddleware","service":"auth-service","timestamp":"2025-09-06T12:35:04.904Z"}
{"level":"info","message":"request from /v1/contribution/group/members/68b7a146d13a1cfe7a371aff having a method of GET","service":"auth-service","timestamp":"2025-09-06T12:35:04.908Z"}
{"level":"info","message":"user hit the validateTokenMiddleware","service":"auth-service","timestamp":"2025-09-06T12:35:04.909Z"}
{"level":"info","message":"request from /v1/payment/paymentIntent having a method of POST","service":"auth-service","timestamp":"2025-09-06T12:35:05.335Z"}
{"level":"info","message":"request from /v1/payment/paymentIntent having a method of POST","service":"auth-service","timestamp":"2025-09-06T12:36:01.581Z"}
{"level":"info","message":"request from /v1/contribution/group/groups having a method of GET","service":"auth-service","timestamp":"2025-09-06T12:36:01.591Z"}
{"level":"info","message":"user hit the validateTokenMiddleware","service":"auth-service","timestamp":"2025-09-06T12:36:01.597Z"}
{"level":"info","message":"request from /v1/contribution/group/members/68b7a146d13a1cfe7a371aff having a method of GET","service":"auth-service","timestamp":"2025-09-06T12:36:01.604Z"}
{"level":"info","message":"user hit the validateTokenMiddleware","service":"auth-service","timestamp":"2025-09-06T12:36:01.604Z"}
{"level":"info","message":"request from /v1/contribution/group/groups having a method of GET","service":"auth-service","timestamp":"2025-09-06T12:36:01.639Z"}
{"level":"info","message":"user hit the validateTokenMiddleware","service":"auth-service","timestamp":"2025-09-06T12:36:01.639Z"}
{"level":"info","message":"request from /v1/contribution/group/68b7a146d13a1cfe7a371aff having a method of GET","service":"auth-service","timestamp":"2025-09-06T12:36:01.708Z"}
{"level":"info","message":"user hit the validateTokenMiddleware","service":"auth-service","timestamp":"2025-09-06T12:36:01.708Z"}
{"level":"info","message":"request from /v1/payment/paymentIntent having a method of POST","service":"auth-service","timestamp":"2025-09-06T12:36:03.089Z"}
{"level":"info","message":"request from /v1/contribution/group/groups having a method of GET","service":"auth-service","timestamp":"2025-09-06T12:37:02.476Z"}
{"level":"info","message":"user hit the validateTokenMiddleware","service":"auth-service","timestamp":"2025-09-06T12:37:02.480Z"}
{"level":"info","message":"request from /v1/contribution/group/groups having a method of GET","service":"auth-service","timestamp":"2025-09-06T12:37:02.775Z"}
{"level":"info","message":"user hit the validateTokenMiddleware","service":"auth-service","timestamp":"2025-09-06T12:37:02.775Z"}
{"level":"info","message":"request from /v1/contribution/group/68b7a146d13a1cfe7a371aff having a method of GET","service":"auth-service","timestamp":"2025-09-06T12:37:02.854Z"}
{"level":"info","message":"user hit the validateTokenMiddleware","service":"auth-service","timestamp":"2025-09-06T12:37:02.854Z"}
{"level":"info","message":"request from /v1/contribution/group/members/68b7a146d13a1cfe7a371aff having a method of GET","service":"auth-service","timestamp":"2025-09-06T12:37:02.903Z"}
{"level":"info","message":"user hit the validateTokenMiddleware","service":"auth-service","timestamp":"2025-09-06T12:37:02.904Z"}
{"level":"info","message":"request from /v1/contribution/group/groups having a method of GET","service":"auth-service","timestamp":"2025-09-06T12:37:14.137Z"}
{"level":"info","message":"user hit the validateTokenMiddleware","service":"auth-service","timestamp":"2025-09-06T12:37:14.137Z"}
{"level":"info","message":"request from /v1/contribution/group/members/68b7a146d13a1cfe7a371aff having a method of GET","service":"auth-service","timestamp":"2025-09-06T12:37:14.142Z"}
{"level":"info","message":"user hit the validateTokenMiddleware","service":"auth-service","timestamp":"2025-09-06T12:37:14.142Z"}
{"level":"info","message":"request from /v1/contribution/group/groups having a method of GET","service":"auth-service","timestamp":"2025-09-06T12:37:14.146Z"}
{"level":"info","message":"user hit the validateTokenMiddleware","service":"auth-service","timestamp":"2025-09-06T12:37:14.146Z"}
{"level":"info","message":"request from /v1/contribution/group/68b7a146d13a1cfe7a371aff having a method of GET","service":"auth-service","timestamp":"2025-09-06T12:37:14.150Z"}
{"level":"info","message":"user hit the validateTokenMiddleware","service":"auth-service","timestamp":"2025-09-06T12:37:14.151Z"}
{"level":"info","message":"request from /v1/contribution/group/members/68b7a146d13a1cfe7a371aff having a method of GET","service":"auth-service","timestamp":"2025-09-06T12:37:19.626Z"}
{"level":"info","message":"user hit the validateTokenMiddleware","service":"auth-service","timestamp":"2025-09-06T12:37:19.629Z"}
{"level":"info","message":"request from /v1/contribution/group/68b7a146d13a1cfe7a371aff having a method of GET","service":"auth-service","timestamp":"2025-09-06T12:37:19.651Z"}
{"level":"info","message":"user hit the validateTokenMiddleware","service":"auth-service","timestamp":"2025-09-06T12:37:19.651Z"}
{"level":"info","message":"request from /v1/contribution/group/groups having a method of GET","service":"auth-service","timestamp":"2025-09-06T12:37:19.845Z"}
{"level":"info","message":"user hit the validateTokenMiddleware","service":"auth-service","timestamp":"2025-09-06T12:37:19.845Z"}
{"level":"info","message":"request from /v1/contribution/group/groups having a method of GET","service":"auth-service","timestamp":"2025-09-06T12:37:19.872Z"}
{"level":"info","message":"user hit the validateTokenMiddleware","service":"auth-service","timestamp":"2025-09-06T12:37:19.872Z"}
{"level":"info","message":"request from /v1/contribution/group/members/68b7a146d13a1cfe7a371aff having a method of GET","service":"auth-service","timestamp":"2025-09-06T12:37:28.195Z"}
{"level":"info","message":"user hit the validateTokenMiddleware","service":"auth-service","timestamp":"2025-09-06T12:37:28.204Z"}
{"level":"info","message":"request from /v1/contribution/group/68b7a146d13a1cfe7a371aff having a method of GET","service":"auth-service","timestamp":"2025-09-06T12:37:28.220Z"}
{"level":"info","message":"user hit the validateTokenMiddleware","service":"auth-service","timestamp":"2025-09-06T12:37:28.221Z"}
{"level":"info","message":"request from /v1/contribution/group/groups having a method of GET","service":"auth-service","timestamp":"2025-09-06T12:37:28.230Z"}
{"level":"info","message":"user hit the validateTokenMiddleware","service":"auth-service","timestamp":"2025-09-06T12:37:28.230Z"}
{"level":"info","message":"request from /v1/contribution/group/groups having a method of GET","service":"auth-service","timestamp":"2025-09-06T12:37:28.232Z"}
{"level":"info","message":"user hit the validateTokenMiddleware","service":"auth-service","timestamp":"2025-09-06T12:37:28.233Z"}
{"level":"info","message":"request from /v1/contribution/group/groups having a method of GET","service":"auth-service","timestamp":"2025-09-06T12:37:38.958Z"}
{"level":"info","message":"user hit the validateTokenMiddleware","service":"auth-service","timestamp":"2025-09-06T12:37:38.961Z"}
{"level":"info","message":"request from /v1/contribution/group/68b7a146d13a1cfe7a371aff having a method of GET","service":"auth-service","timestamp":"2025-09-06T12:37:38.982Z"}
{"level":"info","message":"user hit the validateTokenMiddleware","service":"auth-service","timestamp":"2025-09-06T12:37:38.982Z"}
{"level":"info","message":"request from /v1/contribution/group/groups having a method of GET","service":"auth-service","timestamp":"2025-09-06T12:37:38.985Z"}
{"level":"info","message":"user hit the validateTokenMiddleware","service":"auth-service","timestamp":"2025-09-06T12:37:38.985Z"}
{"level":"info","message":"request from /v1/contribution/group/members/68b7a146d13a1cfe7a371aff having a method of GET","service":"auth-service","timestamp":"2025-09-06T12:37:38.988Z"}
{"level":"info","message":"user hit the validateTokenMiddleware","service":"auth-service","timestamp":"2025-09-06T12:37:38.988Z"}
{"level":"info","message":"request from /v1/contribution/group/groups having a method of GET","service":"auth-service","timestamp":"2025-09-06T12:38:11.734Z"}
{"level":"info","message":"user hit the validateTokenMiddleware","service":"auth-service","timestamp":"2025-09-06T12:38:11.738Z"}
{"level":"info","message":"request from /v1/contribution/group/members/68b7a146d13a1cfe7a371aff having a method of GET","service":"auth-service","timestamp":"2025-09-06T12:38:11.761Z"}
{"level":"info","message":"user hit the validateTokenMiddleware","service":"auth-service","timestamp":"2025-09-06T12:38:11.761Z"}
{"level":"info","message":"request from /v1/contribution/group/68b7a146d13a1cfe7a371aff having a method of GET","service":"auth-service","timestamp":"2025-09-06T12:38:11.764Z"}
{"level":"info","message":"user hit the validateTokenMiddleware","service":"auth-service","timestamp":"2025-09-06T12:38:11.765Z"}
{"level":"info","message":"request from /v1/contribution/group/groups having a method of GET","service":"auth-service","timestamp":"2025-09-06T12:38:11.769Z"}
{"level":"info","message":"user hit the validateTokenMiddleware","service":"auth-service","timestamp":"2025-09-06T12:38:11.769Z"}
{"level":"info","message":"request from /v1/contribution/group/groups having a method of GET","service":"auth-service","timestamp":"2025-09-06T12:38:14.997Z"}
{"level":"info","message":"user hit the validateTokenMiddleware","service":"auth-service","timestamp":"2025-09-06T12:38:15.001Z"}
{"level":"info","message":"request from /v1/contribution/group/groups having a method of GET","service":"auth-service","timestamp":"2025-09-06T12:38:15.022Z"}
{"level":"info","message":"user hit the validateTokenMiddleware","service":"auth-service","timestamp":"2025-09-06T12:38:15.022Z"}
{"level":"info","message":"request from /v1/contribution/group/68b7a146d13a1cfe7a371aff having a method of GET","service":"auth-service","timestamp":"2025-09-06T12:38:15.026Z"}
{"level":"info","message":"user hit the validateTokenMiddleware","service":"auth-service","timestamp":"2025-09-06T12:38:15.026Z"}
{"level":"info","message":"request from /v1/contribution/group/members/68b7a146d13a1cfe7a371aff having a method of GET","service":"auth-service","timestamp":"2025-09-06T12:38:15.029Z"}
{"level":"info","message":"user hit the validateTokenMiddleware","service":"auth-service","timestamp":"2025-09-06T12:38:15.029Z"}
{"level":"info","message":"request from /v1/contribution/group/68b7a146d13a1cfe7a371aff having a method of GET","service":"auth-service","timestamp":"2025-09-06T12:38:19.531Z"}
{"level":"info","message":"user hit the validateTokenMiddleware","service":"auth-service","timestamp":"2025-09-06T12:38:19.536Z"}
{"level":"info","message":"request from /v1/contribution/group/members/68b7a146d13a1cfe7a371aff having a method of GET","service":"auth-service","timestamp":"2025-09-06T12:38:19.559Z"}
{"level":"info","message":"user hit the validateTokenMiddleware","service":"auth-service","timestamp":"2025-09-06T12:38:19.560Z"}
{"level":"info","message":"request from /v1/contribution/group/groups having a method of GET","service":"auth-service","timestamp":"2025-09-06T12:38:19.575Z"}
{"level":"info","message":"user hit the validateTokenMiddleware","service":"auth-service","timestamp":"2025-09-06T12:38:19.577Z"}
{"level":"info","message":"request from /v1/contribution/group/groups having a method of GET","service":"auth-service","timestamp":"2025-09-06T12:38:19.596Z"}
{"level":"info","message":"user hit the validateTokenMiddleware","service":"auth-service","timestamp":"2025-09-06T12:38:19.597Z"}
{"level":"info","message":"request from /v1/contribution/group/groups having a method of GET","service":"auth-service","timestamp":"2025-09-06T12:38:26.324Z"}
{"level":"info","message":"user hit the validateTokenMiddleware","service":"auth-service","timestamp":"2025-09-06T12:38:26.336Z"}
{"level":"info","message":"request from /v1/contribution/group/groups having a method of GET","service":"auth-service","timestamp":"2025-09-06T12:38:26.437Z"}
{"level":"info","message":"user hit the validateTokenMiddleware","service":"auth-service","timestamp":"2025-09-06T12:38:26.437Z"}
{"level":"info","message":"request from /v1/contribution/group/members/68b7a146d13a1cfe7a371aff having a method of GET","service":"auth-service","timestamp":"2025-09-06T12:38:26.517Z"}
{"level":"info","message":"user hit the validateTokenMiddleware","service":"auth-service","timestamp":"2025-09-06T12:38:26.517Z"}
{"level":"info","message":"request from /v1/contribution/group/68b7a146d13a1cfe7a371aff having a method of GET","service":"auth-service","timestamp":"2025-09-06T12:38:26.525Z"}
{"level":"info","message":"user hit the validateTokenMiddleware","service":"auth-service","timestamp":"2025-09-06T12:38:26.526Z"}
{"level":"info","message":"request from /v1/contribution/group/groups having a method of GET","service":"auth-service","timestamp":"2025-09-06T12:38:33.916Z"}
{"level":"info","message":"user hit the validateTokenMiddleware","service":"auth-service","timestamp":"2025-09-06T12:38:33.921Z"}
{"level":"info","message":"request from /v1/contribution/group/groups having a method of GET","service":"auth-service","timestamp":"2025-09-06T12:38:33.947Z"}
{"level":"info","message":"user hit the validateTokenMiddleware","service":"auth-service","timestamp":"2025-09-06T12:38:33.948Z"}
{"level":"info","message":"request from /v1/contribution/group/members/68b7a146d13a1cfe7a371aff having a method of GET","service":"auth-service","timestamp":"2025-09-06T12:38:34.003Z"}
{"level":"info","message":"user hit the validateTokenMiddleware","service":"auth-service","timestamp":"2025-09-06T12:38:34.003Z"}
{"level":"info","message":"request from /v1/contribution/group/68b7a146d13a1cfe7a371aff having a method of GET","service":"auth-service","timestamp":"2025-09-06T12:38:34.005Z"}
{"level":"info","message":"user hit the validateTokenMiddleware","service":"auth-service","timestamp":"2025-09-06T12:38:34.005Z"}
{"level":"info","message":"request from /v1/contribution/group/groups having a method of GET","service":"auth-service","timestamp":"2025-09-06T12:38:36.303Z"}
{"level":"info","message":"user hit the validateTokenMiddleware","service":"auth-service","timestamp":"2025-09-06T12:38:36.311Z"}
{"level":"info","message":"request from /v1/contribution/group/groups having a method of GET","service":"auth-service","timestamp":"2025-09-06T12:38:36.340Z"}
{"level":"info","message":"user hit the validateTokenMiddleware","service":"auth-service","timestamp":"2025-09-06T12:38:36.342Z"}
{"level":"info","message":"request from /v1/contribution/group/68b7a146d13a1cfe7a371aff having a method of GET","service":"auth-service","timestamp":"2025-09-06T12:38:36.347Z"}
{"level":"info","message":"user hit the validateTokenMiddleware","service":"auth-service","timestamp":"2025-09-06T12:38:36.347Z"}
{"level":"info","message":"request from /v1/contribution/group/members/68b7a146d13a1cfe7a371aff having a method of GET","service":"auth-service","timestamp":"2025-09-06T12:38:36.453Z"}
{"level":"info","message":"user hit the validateTokenMiddleware","service":"auth-service","timestamp":"2025-09-06T12:38:36.453Z"}
{"level":"info","message":"request from /v1/contribution/group/groups having a method of GET","service":"auth-service","timestamp":"2025-09-06T12:38:40.506Z"}
{"level":"info","message":"user hit the validateTokenMiddleware","service":"auth-service","timestamp":"2025-09-06T12:38:40.529Z"}
{"level":"info","message":"request from /v1/contribution/group/members/68b7a146d13a1cfe7a371aff having a method of GET","service":"auth-service","timestamp":"2025-09-06T12:38:40.579Z"}
{"level":"info","message":"user hit the validateTokenMiddleware","service":"auth-service","timestamp":"2025-09-06T12:38:40.580Z"}
{"level":"info","message":"request from /v1/contribution/group/68b7a146d13a1cfe7a371aff having a method of GET","service":"auth-service","timestamp":"2025-09-06T12:38:40.592Z"}
{"level":"info","message":"user hit the validateTokenMiddleware","service":"auth-service","timestamp":"2025-09-06T12:38:40.595Z"}
{"level":"info","message":"request from /v1/contribution/group/groups having a method of GET","service":"auth-service","timestamp":"2025-09-06T12:38:40.750Z"}
{"level":"info","message":"user hit the validateTokenMiddleware","service":"auth-service","timestamp":"2025-09-06T12:38:40.750Z"}
{"level":"info","message":"request from /v1/contribution/group/groups having a method of GET","service":"auth-service","timestamp":"2025-09-06T12:39:43.906Z"}
{"level":"info","message":"user hit the validateTokenMiddleware","service":"auth-service","timestamp":"2025-09-06T12:39:43.915Z"}
{"level":"info","message":"request from /v1/contribution/group/68b7a146d13a1cfe7a371aff having a method of GET","service":"auth-service","timestamp":"2025-09-06T12:39:43.946Z"}
{"level":"info","message":"user hit the validateTokenMiddleware","service":"auth-service","timestamp":"2025-09-06T12:39:43.947Z"}
{"level":"info","message":"request from /v1/contribution/group/groups having a method of GET","service":"auth-service","timestamp":"2025-09-06T12:39:43.953Z"}
{"level":"info","message":"user hit the validateTokenMiddleware","service":"auth-service","timestamp":"2025-09-06T12:39:43.953Z"}
{"level":"info","message":"request from /v1/contribution/group/members/68b7a146d13a1cfe7a371aff having a method of GET","service":"auth-service","timestamp":"2025-09-06T12:39:43.957Z"}
{"level":"info","message":"user hit the validateTokenMiddleware","service":"auth-service","timestamp":"2025-09-06T12:39:43.960Z"}
{"level":"info","message":"request from /v1/auth/login having a method of POST","service":"auth-service","timestamp":"2025-09-06T12:53:27.663Z"}
{"level":"info","message":"request from /v1/contribution/group/groups having a method of GET","service":"auth-service","timestamp":"2025-09-06T12:53:32.701Z"}
{"level":"info","message":"user hit the validateTokenMiddleware","service":"auth-service","timestamp":"2025-09-06T12:53:32.704Z"}
{"level":"info","message":"request from /v1/contribution/group/groups having a method of GET","service":"auth-service","timestamp":"2025-09-06T12:53:32.750Z"}
{"level":"info","message":"user hit the validateTokenMiddleware","service":"auth-service","timestamp":"2025-09-06T12:53:32.751Z"}
{"level":"info","message":"request from /v1/contribution/group/68b7a146d13a1cfe7a371aff having a method of GET","service":"auth-service","timestamp":"2025-09-06T12:53:39.035Z"}
{"level":"info","message":"user hit the validateTokenMiddleware","service":"auth-service","timestamp":"2025-09-06T12:53:39.037Z"}
{"level":"info","message":"request from /v1/contribution/group/members/68b7a146d13a1cfe7a371aff having a method of GET","service":"auth-service","timestamp":"2025-09-06T12:53:39.060Z"}
{"level":"info","message":"user hit the validateTokenMiddleware","service":"auth-service","timestamp":"2025-09-06T12:53:39.060Z"}
{"level":"info","message":"request from /v1/contribution/group/68b7a146d13a1cfe7a371aff having a method of GET","service":"auth-service","timestamp":"2025-09-06T12:56:35.742Z"}
{"level":"info","message":"user hit the validateTokenMiddleware","service":"auth-service","timestamp":"2025-09-06T12:56:35.764Z"}
{"level":"info","message":"request from /v1/contribution/group/members/68b7a146d13a1cfe7a371aff having a method of GET","service":"auth-service","timestamp":"2025-09-06T12:56:35.815Z"}
{"level":"info","message":"user hit the validateTokenMiddleware","service":"auth-service","timestamp":"2025-09-06T12:56:35.815Z"}
{"level":"info","message":"request from /v1/contribution/group/68b7a146d13a1cfe7a371aff having a method of GET","service":"auth-service","timestamp":"2025-09-06T12:56:35.821Z"}
{"level":"info","message":"user hit the validateTokenMiddleware","service":"auth-service","timestamp":"2025-09-06T12:56:35.821Z"}
{"level":"info","message":"request from /v1/contribution/group/members/68b7a146d13a1cfe7a371aff having a method of GET","service":"auth-service","timestamp":"2025-09-06T12:56:35.825Z"}
{"level":"info","message":"user hit the validateTokenMiddleware","service":"auth-service","timestamp":"2025-09-06T12:56:35.825Z"}
{"level":"info","message":"request from /v1/contribution/group/68b7a146d13a1cfe7a371aff having a method of GET","service":"auth-service","timestamp":"2025-09-06T12:56:40.353Z"}
{"level":"info","message":"user hit the validateTokenMiddleware","service":"auth-service","timestamp":"2025-09-06T12:56:40.361Z"}
{"level":"info","message":"request from /v1/contribution/group/members/68b7a146d13a1cfe7a371aff having a method of GET","service":"auth-service","timestamp":"2025-09-06T12:56:40.658Z"}
{"level":"info","message":"user hit the validateTokenMiddleware","service":"auth-service","timestamp":"2025-09-06T12:56:40.666Z"}
{"level":"info","message":"request from /v1/contribution/group/members/68b7a146d13a1cfe7a371aff having a method of GET","service":"auth-service","timestamp":"2025-09-06T12:56:48.606Z"}
{"level":"info","message":"user hit the validateTokenMiddleware","service":"auth-service","timestamp":"2025-09-06T12:56:48.607Z"}
{"level":"info","message":"request from /v1/contribution/group/68b7a146d13a1cfe7a371aff having a method of GET","service":"auth-service","timestamp":"2025-09-06T12:56:48.615Z"}
{"level":"info","message":"user hit the validateTokenMiddleware","service":"auth-service","timestamp":"2025-09-06T12:56:48.616Z"}
{"level":"info","message":"request from /v1/contribution/group/members/68b7a146d13a1cfe7a371aff having a method of GET","service":"auth-service","timestamp":"2025-09-06T12:56:51.634Z"}
{"level":"info","message":"user hit the validateTokenMiddleware","service":"auth-service","timestamp":"2025-09-06T12:56:51.635Z"}
{"level":"info","message":"request from /v1/contribution/group/68b7a146d13a1cfe7a371aff having a method of GET","service":"auth-service","timestamp":"2025-09-06T12:56:51.736Z"}
{"level":"info","message":"user hit the validateTokenMiddleware","service":"auth-service","timestamp":"2025-09-06T12:56:51.737Z"}
{"level":"info","message":"request from /v1/contribution/group/68b7a146d13a1cfe7a371aff having a method of GET","service":"auth-service","timestamp":"2025-09-06T12:56:52.885Z"}
{"level":"info","message":"user hit the validateTokenMiddleware","service":"auth-service","timestamp":"2025-09-06T12:56:52.886Z"}
{"level":"info","message":"request from /v1/contribution/group/members/68b7a146d13a1cfe7a371aff having a method of GET","service":"auth-service","timestamp":"2025-09-06T12:56:52.897Z"}
{"level":"info","message":"user hit the validateTokenMiddleware","service":"auth-service","timestamp":"2025-09-06T12:56:52.897Z"}
{"level":"info","message":"request from /v1/contribution/group/members/68b7a146d13a1cfe7a371aff having a method of GET","service":"auth-service","timestamp":"2025-09-06T12:58:10.503Z"}
{"level":"info","message":"user hit the validateTokenMiddleware","service":"auth-service","timestamp":"2025-09-06T12:58:10.510Z"}
{"level":"info","message":"request from /v1/contribution/group/68b7a146d13a1cfe7a371aff having a method of GET","service":"auth-service","timestamp":"2025-09-06T12:58:10.581Z"}
{"level":"info","message":"user hit the validateTokenMiddleware","service":"auth-service","timestamp":"2025-09-06T12:58:10.581Z"}
{"level":"info","message":"request from /v1/contribution/group/68b7a146d13a1cfe7a371aff having a method of GET","service":"auth-service","timestamp":"2025-09-06T12:58:11.074Z"}
{"level":"info","message":"user hit the validateTokenMiddleware","service":"auth-service","timestamp":"2025-09-06T12:58:11.075Z"}
{"level":"info","message":"request from /v1/contribution/group/members/68b7a146d13a1cfe7a371aff having a method of GET","service":"auth-service","timestamp":"2025-09-06T12:58:11.210Z"}
{"level":"info","message":"user hit the validateTokenMiddleware","service":"auth-service","timestamp":"2025-09-06T12:58:11.211Z"}
{"level":"info","message":"request from /v1/contribution/group/members/68b7a146d13a1cfe7a371aff having a method of GET","service":"auth-service","timestamp":"2025-09-06T12:58:21.767Z"}
{"level":"info","message":"user hit the validateTokenMiddleware","service":"auth-service","timestamp":"2025-09-06T12:58:21.772Z"}
{"level":"info","message":"request from /v1/contribution/group/68b7a146d13a1cfe7a371aff having a method of GET","service":"auth-service","timestamp":"2025-09-06T12:58:21.817Z"}
{"level":"info","message":"user hit the validateTokenMiddleware","service":"auth-service","timestamp":"2025-09-06T12:58:21.817Z"}
{"level":"info","message":"request from /v1/contribution/group/68b7a146d13a1cfe7a371aff having a method of GET","service":"auth-service","timestamp":"2025-09-06T12:58:29.085Z"}
{"level":"info","message":"user hit the validateTokenMiddleware","service":"auth-service","timestamp":"2025-09-06T12:58:29.088Z"}
{"level":"info","message":"request from /v1/contribution/group/members/68b7a146d13a1cfe7a371aff having a method of GET","service":"auth-service","timestamp":"2025-09-06T12:58:29.199Z"}
{"level":"info","message":"user hit the validateTokenMiddleware","service":"auth-service","timestamp":"2025-09-06T12:58:29.200Z"}
{"level":"info","message":"request from /v1/contribution/group/68b7a146d13a1cfe7a371aff having a method of GET","service":"auth-service","timestamp":"2025-09-06T12:59:35.799Z"}
{"level":"info","message":"user hit the validateTokenMiddleware","service":"auth-service","timestamp":"2025-09-06T12:59:35.806Z"}
{"level":"info","message":"request from /v1/contribution/group/members/68b7a146d13a1cfe7a371aff having a method of GET","service":"auth-service","timestamp":"2025-09-06T12:59:35.820Z"}
{"level":"info","message":"user hit the validateTokenMiddleware","service":"auth-service","timestamp":"2025-09-06T12:59:35.820Z"}
{"level":"info","message":"request from /v1/contribution/group/groups having a method of GET","service":"auth-service","timestamp":"2025-09-06T13:04:29.924Z"}
{"level":"info","message":"user hit the validateTokenMiddleware","service":"auth-service","timestamp":"2025-09-06T13:04:30.031Z"}
{"level":"info","message":"request from /v1/contribution/group/groups having a method of GET","service":"auth-service","timestamp":"2025-09-06T13:04:30.482Z"}
{"level":"info","message":"user hit the validateTokenMiddleware","service":"auth-service","timestamp":"2025-09-06T13:04:30.484Z"}
{"level":"info","message":"request from /v1/contribution/group/members/68b7a146d13a1cfe7a371aff having a method of GET","service":"auth-service","timestamp":"2025-09-06T13:04:30.510Z"}
{"level":"info","message":"user hit the validateTokenMiddleware","service":"auth-service","timestamp":"2025-09-06T13:04:30.512Z"}
{"level":"info","message":"request from /v1/contribution/group/68b7a146d13a1cfe7a371aff having a method of GET","service":"auth-service","timestamp":"2025-09-06T13:04:30.528Z"}
{"level":"info","message":"user hit the validateTokenMiddleware","service":"auth-service","timestamp":"2025-09-06T13:04:30.528Z"}
{"level":"info","message":"request from /v1/contribution/group/68b7a146d13a1cfe7a371aff having a method of GET","service":"auth-service","timestamp":"2025-09-06T13:04:33.415Z"}
{"level":"info","message":"user hit the validateTokenMiddleware","service":"auth-service","timestamp":"2025-09-06T13:04:33.418Z"}
{"level":"info","message":"request from /v1/contribution/group/groups having a method of GET","service":"auth-service","timestamp":"2025-09-06T13:04:33.431Z"}
{"level":"info","message":"user hit the validateTokenMiddleware","service":"auth-service","timestamp":"2025-09-06T13:04:33.432Z"}
{"level":"info","message":"request from /v1/contribution/group/groups having a method of GET","service":"auth-service","timestamp":"2025-09-06T13:04:33.441Z"}
{"level":"info","message":"user hit the validateTokenMiddleware","service":"auth-service","timestamp":"2025-09-06T13:04:33.443Z"}
{"level":"info","message":"request from /v1/contribution/group/members/68b7a146d13a1cfe7a371aff having a method of GET","service":"auth-service","timestamp":"2025-09-06T13:04:34.444Z"}
{"level":"info","message":"user hit the validateTokenMiddleware","service":"auth-service","timestamp":"2025-09-06T13:04:34.445Z"}
{"level":"info","message":"request from /v1/auth/login having a method of POST","service":"auth-service","timestamp":"2025-09-06T13:08:14.110Z"}
{"level":"info","message":"request from /v1/contribution/group/groups having a method of GET","service":"auth-service","timestamp":"2025-09-06T13:08:31.527Z"}
{"level":"info","message":"user hit the validateTokenMiddleware","service":"auth-service","timestamp":"2025-09-06T13:08:31.533Z"}
{"level":"info","message":"request from /v1/contribution/group/groups having a method of GET","service":"auth-service","timestamp":"2025-09-06T13:08:31.559Z"}
{"level":"info","message":"user hit the validateTokenMiddleware","service":"auth-service","timestamp":"2025-09-06T13:08:31.559Z"}
{"level":"info","message":"request from /v1/contribution/member/addMember having a method of POST","service":"auth-service","timestamp":"2025-09-06T13:08:46.932Z"}
{"level":"info","message":"user hit the validateTokenMiddleware","service":"auth-service","timestamp":"2025-09-06T13:08:46.933Z"}
{"level":"info","message":"request from /v1/contribution/member/addMember having a method of POST","service":"auth-service","timestamp":"2025-09-06T13:08:49.777Z"}
{"level":"info","message":"user hit the validateTokenMiddleware","service":"auth-service","timestamp":"2025-09-06T13:08:49.778Z"}
{"level":"info","message":"request from /v1/contribution/group/68b7a146d13a1cfe7a371aff having a method of GET","service":"auth-service","timestamp":"2025-09-06T13:08:52.499Z"}
{"level":"info","message":"user hit the validateTokenMiddleware","service":"auth-service","timestamp":"2025-09-06T13:08:52.503Z"}
{"level":"info","message":"request from /v1/contribution/group/members/68b7a146d13a1cfe7a371aff having a method of GET","service":"auth-service","timestamp":"2025-09-06T13:08:52.524Z"}
{"level":"info","message":"user hit the validateTokenMiddleware","service":"auth-service","timestamp":"2025-09-06T13:08:52.524Z"}
{"level":"info","message":"request from /v1/auth/login having a method of POST","service":"auth-service","timestamp":"2025-09-06T13:50:37.969Z"}
{"level":"info","message":"request from /v1/contribution/group/groups having a method of GET","service":"auth-service","timestamp":"2025-09-06T13:50:44.277Z"}
{"level":"info","message":"user hit the validateTokenMiddleware","service":"auth-service","timestamp":"2025-09-06T13:50:44.285Z"}
{"level":"info","message":"request from /v1/contribution/group/groups having a method of GET","service":"auth-service","timestamp":"2025-09-06T13:50:44.320Z"}
{"level":"info","message":"user hit the validateTokenMiddleware","service":"auth-service","timestamp":"2025-09-06T13:50:44.321Z"}
{"level":"info","message":"request from /v1/contribution/group/members/68b7a146d13a1cfe7a371aff having a method of GET","service":"auth-service","timestamp":"2025-09-06T13:50:50.075Z"}
{"level":"info","message":"user hit the validateTokenMiddleware","service":"auth-service","timestamp":"2025-09-06T13:50:50.076Z"}
{"level":"info","message":"request from /v1/contribution/group/68b7a146d13a1cfe7a371aff having a method of GET","service":"auth-service","timestamp":"2025-09-06T13:50:50.081Z"}
{"level":"info","message":"user hit the validateTokenMiddleware","service":"auth-service","timestamp":"2025-09-06T13:50:50.082Z"}
{"level":"info","message":"request from /v1/auth/login having a method of POST","service":"auth-service","timestamp":"2025-09-06T13:57:18.473Z"}
{"level":"info","message":"request from /v1/contribution/group/groups having a method of GET","service":"auth-service","timestamp":"2025-09-06T13:57:34.108Z"}
{"level":"info","message":"user hit the validateTokenMiddleware","service":"auth-service","timestamp":"2025-09-06T13:57:34.111Z"}
{"level":"info","message":"request from /v1/contribution/group/groups having a method of GET","service":"auth-service","timestamp":"2025-09-06T13:57:34.153Z"}
{"level":"info","message":"user hit the validateTokenMiddleware","service":"auth-service","timestamp":"2025-09-06T13:57:34.154Z"}
{"level":"info","message":"request from /v1/contribution/group/members/68b7a146d13a1cfe7a371aff having a method of GET","service":"auth-service","timestamp":"2025-09-06T13:57:42.058Z"}
{"level":"info","message":"user hit the validateTokenMiddleware","service":"auth-service","timestamp":"2025-09-06T13:57:42.063Z"}
{"level":"info","message":"request from /v1/contribution/group/68b7a146d13a1cfe7a371aff having a method of GET","service":"auth-service","timestamp":"2025-09-06T13:57:42.091Z"}
{"level":"info","message":"user hit the validateTokenMiddleware","service":"auth-service","timestamp":"2025-09-06T13:57:42.091Z"}
{"level":"info","message":"request from /v1/auth/login having a method of POST","service":"auth-service","timestamp":"2025-09-06T14:23:55.301Z"}
{"level":"info","message":"request from /v1/contribution/group/groups having a method of GET","service":"auth-service","timestamp":"2025-09-06T14:23:58.876Z"}
{"level":"info","message":"user hit the validateTokenMiddleware","service":"auth-service","timestamp":"2025-09-06T14:23:58.878Z"}
{"level":"info","message":"request from /v1/contribution/group/groups having a method of GET","service":"auth-service","timestamp":"2025-09-06T14:23:58.898Z"}
{"level":"info","message":"user hit the validateTokenMiddleware","service":"auth-service","timestamp":"2025-09-06T14:23:58.898Z"}
{"level":"info","message":"request from /v1/contribution/group/members/68b7a146d13a1cfe7a371aff having a method of GET","service":"auth-service","timestamp":"2025-09-06T14:24:06.623Z"}
{"level":"info","message":"user hit the validateTokenMiddleware","service":"auth-service","timestamp":"2025-09-06T14:24:06.625Z"}
{"level":"info","message":"request from /v1/contribution/group/68b7a146d13a1cfe7a371aff having a method of GET","service":"auth-service","timestamp":"2025-09-06T14:24:06.640Z"}
{"level":"info","message":"user hit the validateTokenMiddleware","service":"auth-service","timestamp":"2025-09-06T14:24:06.641Z"}
{"level":"info","message":"request from /v1/auth/login having a method of POST","service":"auth-service","timestamp":"2025-09-06T14:33:40.715Z"}
{"level":"info","message":"request from /v1/contribution/group/groups having a method of GET","service":"auth-service","timestamp":"2025-09-06T14:33:48.262Z"}
{"level":"info","message":"user hit the validateTokenMiddleware","service":"auth-service","timestamp":"2025-09-06T14:33:48.266Z"}
{"level":"info","message":"request from /v1/contribution/group/groups having a method of GET","service":"auth-service","timestamp":"2025-09-06T14:33:48.286Z"}
{"level":"info","message":"user hit the validateTokenMiddleware","service":"auth-service","timestamp":"2025-09-06T14:33:48.286Z"}
{"level":"info","message":"request from /v1/contribution/group/members/68b7a146d13a1cfe7a371aff having a method of GET","service":"auth-service","timestamp":"2025-09-06T14:33:51.134Z"}
{"level":"info","message":"user hit the validateTokenMiddleware","service":"auth-service","timestamp":"2025-09-06T14:33:51.136Z"}
{"level":"info","message":"request from /v1/contribution/group/68b7a146d13a1cfe7a371aff having a method of GET","service":"auth-service","timestamp":"2025-09-06T14:33:51.146Z"}
{"level":"info","message":"user hit the validateTokenMiddleware","service":"auth-service","timestamp":"2025-09-06T14:33:51.147Z"}
{"level":"info","message":"request from /v1/auth/login having a method of POST","service":"auth-service","timestamp":"2025-09-06T15:29:33.100Z"}
{"level":"info","message":"request from /v1/contribution/group/groups having a method of GET","service":"auth-service","timestamp":"2025-09-06T15:29:39.914Z"}
{"level":"info","message":"user hit the validateTokenMiddleware","service":"auth-service","timestamp":"2025-09-06T15:29:39.927Z"}
{"level":"info","message":"request from /v1/contribution/group/groups having a method of GET","service":"auth-service","timestamp":"2025-09-06T15:29:40.125Z"}
{"level":"info","message":"user hit the validateTokenMiddleware","service":"auth-service","timestamp":"2025-09-06T15:29:40.125Z"}
{"level":"info","message":"request from /v1/contribution/group/members/68b7a146d13a1cfe7a371aff having a method of GET","service":"auth-service","timestamp":"2025-09-06T15:29:47.463Z"}
{"level":"info","message":"user hit the validateTokenMiddleware","service":"auth-service","timestamp":"2025-09-06T15:29:47.480Z"}
{"level":"info","message":"request from /v1/contribution/group/68b7a146d13a1cfe7a371aff having a method of GET","service":"auth-service","timestamp":"2025-09-06T15:29:47.538Z"}
{"level":"info","message":"user hit the validateTokenMiddleware","service":"auth-service","timestamp":"2025-09-06T15:29:47.538Z"}
{"level":"info","message":"request from /v1/auth/login having a method of POST","service":"auth-service","timestamp":"2025-09-06T15:35:29.265Z"}
{"level":"info","message":"request from /v1/contribution/group/groups having a method of GET","service":"auth-service","timestamp":"2025-09-06T15:36:01.393Z"}
{"level":"info","message":"user hit the validateTokenMiddleware","service":"auth-service","timestamp":"2025-09-06T15:36:01.461Z"}
{"level":"info","message":"request from /v1/contribution/group/groups having a method of GET","service":"auth-service","timestamp":"2025-09-06T15:36:01.748Z"}
{"level":"info","message":"user hit the validateTokenMiddleware","service":"auth-service","timestamp":"2025-09-06T15:36:01.752Z"}
{"level":"info","message":"request from /v1/contribution/group/members/68b7a146d13a1cfe7a371aff having a method of GET","service":"auth-service","timestamp":"2025-09-06T15:36:08.458Z"}
{"level":"info","message":"user hit the validateTokenMiddleware","service":"auth-service","timestamp":"2025-09-06T15:36:08.475Z"}
{"level":"info","message":"request from /v1/contribution/group/68b7a146d13a1cfe7a371aff having a method of GET","service":"auth-service","timestamp":"2025-09-06T15:36:08.519Z"}
{"level":"info","message":"user hit the validateTokenMiddleware","service":"auth-service","timestamp":"2025-09-06T15:36:08.521Z"}
{"level":"info","message":"request from /v1/auth/login having a method of POST","service":"auth-service","timestamp":"2025-09-07T13:01:45.321Z"}
{"level":"info","message":"request from /v1/contribution/group/groups having a method of GET","service":"auth-service","timestamp":"2025-09-07T13:01:50.124Z"}
{"level":"info","message":"user hit the validateTokenMiddleware","service":"auth-service","timestamp":"2025-09-07T13:01:50.127Z"}
{"level":"info","message":"request from /v1/contribution/group/groups having a method of GET","service":"auth-service","timestamp":"2025-09-07T13:01:50.158Z"}
{"level":"info","message":"user hit the validateTokenMiddleware","service":"auth-service","timestamp":"2025-09-07T13:01:50.160Z"}
{"level":"info","message":"request from /v1/contribution/group/68b7a146d13a1cfe7a371aff having a method of GET","service":"auth-service","timestamp":"2025-09-07T13:01:57.015Z"}
{"level":"info","message":"user hit the validateTokenMiddleware","service":"auth-service","timestamp":"2025-09-07T13:01:57.019Z"}
{"level":"info","message":"request from /v1/contribution/group/members/68b7a146d13a1cfe7a371aff having a method of GET","service":"auth-service","timestamp":"2025-09-07T13:01:57.038Z"}
{"level":"info","message":"user hit the validateTokenMiddleware","service":"auth-service","timestamp":"2025-09-07T13:01:57.038Z"}
{"level":"info","message":"request from /v1/auth/login having a method of POST","service":"auth-service","timestamp":"2025-09-07T13:07:54.638Z"}
{"level":"info","message":"request from /v1/contribution/group/groups having a method of GET","service":"auth-service","timestamp":"2025-09-07T13:08:02.651Z"}
{"level":"info","message":"user hit the validateTokenMiddleware","service":"auth-service","timestamp":"2025-09-07T13:08:02.653Z"}
{"level":"info","message":"request from /v1/contribution/group/groups having a method of GET","service":"auth-service","timestamp":"2025-09-07T13:08:02.695Z"}
{"level":"info","message":"user hit the validateTokenMiddleware","service":"auth-service","timestamp":"2025-09-07T13:08:02.695Z"}
{"level":"info","message":"request from /v1/contribution/group/68b7a146d13a1cfe7a371aff having a method of GET","service":"auth-service","timestamp":"2025-09-07T13:08:10.907Z"}
{"level":"info","message":"user hit the validateTokenMiddleware","service":"auth-service","timestamp":"2025-09-07T13:08:10.915Z"}
{"level":"info","message":"request from /v1/contribution/group/members/68b7a146d13a1cfe7a371aff having a method of GET","service":"auth-service","timestamp":"2025-09-07T13:08:10.951Z"}
{"level":"info","message":"user hit the validateTokenMiddleware","service":"auth-service","timestamp":"2025-09-07T13:08:10.952Z"}
{"level":"info","message":"request from /v1/auth/login having a method of POST","service":"auth-service","timestamp":"2025-09-07T14:10:16.233Z"}
{"level":"info","message":"request from /v1/contribution/group/groups having a method of GET","service":"auth-service","timestamp":"2025-09-07T14:10:20.950Z"}
{"level":"info","message":"user hit the validateTokenMiddleware","service":"auth-service","timestamp":"2025-09-07T14:10:20.951Z"}
{"level":"info","message":"request from /v1/contribution/group/groups having a method of GET","service":"auth-service","timestamp":"2025-09-07T14:10:20.973Z"}
{"level":"info","message":"user hit the validateTokenMiddleware","service":"auth-service","timestamp":"2025-09-07T14:10:20.973Z"}
{"level":"info","message":"request from /v1/contribution/group/members/68b7a146d13a1cfe7a371aff having a method of GET","service":"auth-service","timestamp":"2025-09-07T14:10:26.592Z"}
{"level":"info","message":"user hit the validateTokenMiddleware","service":"auth-service","timestamp":"2025-09-07T14:10:26.593Z"}
{"level":"info","message":"request from /v1/contribution/group/68b7a146d13a1cfe7a371aff having a method of GET","service":"auth-service","timestamp":"2025-09-07T14:10:26.602Z"}
{"level":"info","message":"user hit the validateTokenMiddleware","service":"auth-service","timestamp":"2025-09-07T14:10:26.602Z"}
{"level":"info","message":"request from /v1/auth/login having a method of POST","service":"auth-service","timestamp":"2025-09-07T14:16:52.852Z"}
{"level":"info","message":"request from /v1/contribution/group/groups having a method of GET","service":"auth-service","timestamp":"2025-09-07T14:16:55.817Z"}
{"level":"info","message":"user hit the validateTokenMiddleware","service":"auth-service","timestamp":"2025-09-07T14:16:55.818Z"}
{"level":"info","message":"request from /v1/contribution/group/groups having a method of GET","service":"auth-service","timestamp":"2025-09-07T14:16:55.839Z"}
{"level":"info","message":"user hit the validateTokenMiddleware","service":"auth-service","timestamp":"2025-09-07T14:16:55.839Z"}
{"level":"info","message":"request from /v1/contribution/group/members/68b7a146d13a1cfe7a371aff having a method of GET","service":"auth-service","timestamp":"2025-09-07T14:17:00.255Z"}
{"level":"info","message":"user hit the validateTokenMiddleware","service":"auth-service","timestamp":"2025-09-07T14:17:00.256Z"}
{"level":"info","message":"request from /v1/contribution/group/68b7a146d13a1cfe7a371aff having a method of GET","service":"auth-service","timestamp":"2025-09-07T14:17:00.267Z"}
{"level":"info","message":"user hit the validateTokenMiddleware","service":"auth-service","timestamp":"2025-09-07T14:17:00.267Z"}
{"level":"info","message":"request from /v1/auth/login having a method of POST","service":"auth-service","timestamp":"2025-09-07T14:43:52.369Z"}
{"level":"info","message":"request from /v1/contribution/group/groups having a method of GET","service":"auth-service","timestamp":"2025-09-07T14:44:14.847Z"}
{"level":"info","message":"user hit the validateTokenMiddleware","service":"auth-service","timestamp":"2025-09-07T14:44:14.916Z"}
{"level":"info","message":"request from /v1/contribution/group/groups having a method of GET","service":"auth-service","timestamp":"2025-09-07T14:44:15.132Z"}
{"level":"info","message":"user hit the validateTokenMiddleware","service":"auth-service","timestamp":"2025-09-07T14:44:15.132Z"}
{"level":"info","message":"request from /v1/contribution/group/members/68b7a146d13a1cfe7a371aff having a method of GET","service":"auth-service","timestamp":"2025-09-07T14:44:34.419Z"}
{"level":"info","message":"user hit the validateTokenMiddleware","service":"auth-service","timestamp":"2025-09-07T14:44:34.474Z"}
{"level":"info","message":"request from /v1/contribution/group/68b7a146d13a1cfe7a371aff having a method of GET","service":"auth-service","timestamp":"2025-09-07T14:44:34.618Z"}
{"level":"info","message":"user hit the validateTokenMiddleware","service":"auth-service","timestamp":"2025-09-07T14:44:34.631Z"}
{"level":"info","message":"request from /v1/auth/login having a method of POST","service":"auth-service","timestamp":"2025-09-07T15:03:04.297Z"}
{"level":"info","message":"request from /v1/contribution/group/groups having a method of GET","service":"auth-service","timestamp":"2025-09-07T15:03:08.520Z"}
{"level":"info","message":"user hit the validateTokenMiddleware","service":"auth-service","timestamp":"2025-09-07T15:03:08.525Z"}
{"level":"info","message":"request from /v1/contribution/group/groups having a method of GET","service":"auth-service","timestamp":"2025-09-07T15:03:08.636Z"}
{"level":"info","message":"user hit the validateTokenMiddleware","service":"auth-service","timestamp":"2025-09-07T15:03:08.637Z"}
{"level":"info","message":"request from /v1/contribution/group/members/68b7a146d13a1cfe7a371aff having a method of GET","service":"auth-service","timestamp":"2025-09-07T15:03:15.952Z"}
{"level":"info","message":"user hit the validateTokenMiddleware","service":"auth-service","timestamp":"2025-09-07T15:03:15.956Z"}
{"level":"info","message":"request from /v1/contribution/group/68b7a146d13a1cfe7a371aff having a method of GET","service":"auth-service","timestamp":"2025-09-07T15:03:15.968Z"}
{"level":"info","message":"user hit the validateTokenMiddleware","service":"auth-service","timestamp":"2025-09-07T15:03:15.969Z"}
{"level":"info","message":"request from /v1/auth/login having a method of POST","service":"auth-service","timestamp":"2025-09-07T21:54:26.600Z"}
{"level":"info","message":"request from /v1/auth/login having a method of POST","service":"auth-service","timestamp":"2025-09-07T21:56:34.415Z"}
{"level":"info","message":"request from /v1/auth/login having a method of POST","service":"auth-service","timestamp":"2025-09-07T22:12:52.804Z"}
{"level":"info","message":"request from /v1/contribution/group/groups having a method of GET","service":"auth-service","timestamp":"2025-09-07T22:14:16.236Z"}
{"level":"info","message":"user hit the validateTokenMiddleware","service":"auth-service","timestamp":"2025-09-07T22:14:16.253Z"}
{"level":"info","message":"request from /v1/contribution/group/groups having a method of GET","service":"auth-service","timestamp":"2025-09-07T22:14:16.304Z"}
{"level":"info","message":"user hit the validateTokenMiddleware","service":"auth-service","timestamp":"2025-09-07T22:14:16.305Z"}
{"level":"info","message":"request from /v1/contribution/group/create having a method of POST","service":"auth-service","timestamp":"2025-09-08T06:22:17.613Z"}
{"level":"info","message":"user hit the validateTokenMiddleware","service":"auth-service","timestamp":"2025-09-08T06:22:17.633Z"}
{"level":"info","message":"request from /v1/auth/login having a method of POST","service":"auth-service","timestamp":"2025-09-08T06:22:45.366Z"}
{"level":"info","message":"request from /v1/contribution/group/groups having a method of GET","service":"auth-service","timestamp":"2025-09-08T06:22:51.664Z"}
{"level":"info","message":"user hit the validateTokenMiddleware","service":"auth-service","timestamp":"2025-09-08T06:22:51.669Z"}
{"level":"info","message":"request from /v1/contribution/group/groups having a method of GET","service":"auth-service","timestamp":"2025-09-08T06:22:51.701Z"}
{"level":"info","message":"user hit the validateTokenMiddleware","service":"auth-service","timestamp":"2025-09-08T06:22:51.701Z"}
{"level":"info","message":"request from /v1/contribution/group/groups having a method of GET","service":"auth-service","timestamp":"2025-09-08T06:23:33.229Z"}
{"level":"info","message":"user hit the validateTokenMiddleware","service":"auth-service","timestamp":"2025-09-08T06:23:33.252Z"}
{"level":"info","message":"request from /v1/contribution/group/groups having a method of GET","service":"auth-service","timestamp":"2025-09-08T06:23:33.347Z"}
{"level":"info","message":"user hit the validateTokenMiddleware","service":"auth-service","timestamp":"2025-09-08T06:23:33.349Z"}
{"level":"info","message":"request from /v1/contribution/group/groups having a method of GET","service":"auth-service","timestamp":"2025-09-08T06:24:16.007Z"}
{"level":"info","message":"user hit the validateTokenMiddleware","service":"auth-service","timestamp":"2025-09-08T06:24:16.014Z"}
{"level":"info","message":"request from /v1/contribution/group/groups having a method of GET","service":"auth-service","timestamp":"2025-09-08T06:24:16.085Z"}
{"level":"info","message":"user hit the validateTokenMiddleware","service":"auth-service","timestamp":"2025-09-08T06:24:16.085Z"}
{"level":"info","message":"request from /v1/contribution/group/groups having a method of GET","service":"auth-service","timestamp":"2025-09-08T06:29:32.916Z"}
{"level":"info","message":"user hit the validateTokenMiddleware","service":"auth-service","timestamp":"2025-09-08T06:29:32.940Z"}
{"level":"info","message":"request from /v1/contribution/group/groups having a method of GET","service":"auth-service","timestamp":"2025-09-08T06:29:33.012Z"}
{"level":"info","message":"user hit the validateTokenMiddleware","service":"auth-service","timestamp":"2025-09-08T06:29:33.013Z"}
{"level":"info","message":"request from /v1/contribution/group/members/68b85a08d13a1cfe7a371bff having a method of GET","service":"auth-service","timestamp":"2025-09-08T06:29:39.962Z"}
{"level":"info","message":"user hit the validateTokenMiddleware","service":"auth-service","timestamp":"2025-09-08T06:29:39.963Z"}
{"level":"info","message":"request from /v1/contribution/group/68b85a08d13a1cfe7a371bff having a method of GET","service":"auth-service","timestamp":"2025-09-08T06:29:39.966Z"}
{"level":"info","message":"user hit the validateTokenMiddleware","service":"auth-service","timestamp":"2025-09-08T06:29:39.966Z"}
{"level":"info","message":"request from /v1/auth/login having a method of POST","service":"auth-service","timestamp":"2025-09-08T06:30:21.372Z"}
{"level":"info","message":"request from /v1/contribution/group/groups having a method of GET","service":"auth-service","timestamp":"2025-09-08T06:30:25.936Z"}
{"level":"info","message":"user hit the validateTokenMiddleware","service":"auth-service","timestamp":"2025-09-08T06:30:25.939Z"}
{"level":"info","message":"request from /v1/contribution/group/groups having a method of GET","service":"auth-service","timestamp":"2025-09-08T06:30:25.956Z"}
{"level":"info","message":"user hit the validateTokenMiddleware","service":"auth-service","timestamp":"2025-09-08T06:30:25.956Z"}
{"level":"info","message":"request from /v1/contribution/group/groups having a method of GET","service":"auth-service","timestamp":"2025-09-08T06:33:53.671Z"}
{"level":"info","message":"user hit the validateTokenMiddleware","service":"auth-service","timestamp":"2025-09-08T06:33:53.681Z"}
{"level":"info","message":"request from /v1/contribution/group/groups having a method of GET","service":"auth-service","timestamp":"2025-09-08T06:33:53.814Z"}
{"level":"info","message":"user hit the validateTokenMiddleware","service":"auth-service","timestamp":"2025-09-08T06:33:53.815Z"}
{"level":"info","message":"request from /v1/contribution/group/members/68b7a116d13a1cfe7a371afd having a method of GET","service":"auth-service","timestamp":"2025-09-08T06:37:20.632Z"}
{"level":"info","message":"user hit the validateTokenMiddleware","service":"auth-service","timestamp":"2025-09-08T06:37:20.652Z"}
{"level":"info","message":"request from /v1/contribution/group/68b7a116d13a1cfe7a371afd having a method of GET","service":"auth-service","timestamp":"2025-09-08T06:37:20.730Z"}
{"level":"info","message":"user hit the validateTokenMiddleware","service":"auth-service","timestamp":"2025-09-08T06:37:20.730Z"}
{"level":"info","message":"request from /v1/contribution/group/groups having a method of GET","service":"auth-service","timestamp":"2025-09-08T06:41:54.461Z"}
{"level":"info","message":"user hit the validateTokenMiddleware","service":"auth-service","timestamp":"2025-09-08T06:41:54.470Z"}
{"level":"info","message":"request from /v1/contribution/group/groups having a method of GET","service":"auth-service","timestamp":"2025-09-08T06:41:56.687Z"}
{"level":"info","message":"user hit the validateTokenMiddleware","service":"auth-service","timestamp":"2025-09-08T06:41:56.688Z"}
{"level":"info","message":"request from /v1/contribution/group/groups having a method of GET","service":"auth-service","timestamp":"2025-09-08T06:42:06.704Z"}
{"level":"info","message":"user hit the validateTokenMiddleware","service":"auth-service","timestamp":"2025-09-08T06:42:06.706Z"}
{"level":"info","message":"request from /v1/contribution/group/groups having a method of GET","service":"auth-service","timestamp":"2025-09-08T06:42:06.972Z"}
{"level":"info","message":"user hit the validateTokenMiddleware","service":"auth-service","timestamp":"2025-09-08T06:42:06.972Z"}
{"level":"info","message":"request from /v1/auth/login having a method of POST","service":"auth-service","timestamp":"2025-09-08T06:56:17.904Z"}
{"level":"info","message":"request from /v1/contribution/group/groups having a method of GET","service":"auth-service","timestamp":"2025-09-08T06:56:20.712Z"}
{"level":"info","message":"user hit the validateTokenMiddleware","service":"auth-service","timestamp":"2025-09-08T06:56:20.714Z"}
{"level":"info","message":"request from /v1/contribution/group/groups having a method of GET","service":"auth-service","timestamp":"2025-09-08T06:56:20.752Z"}
{"level":"info","message":"user hit the validateTokenMiddleware","service":"auth-service","timestamp":"2025-09-08T06:56:20.756Z"}
{"level":"info","message":"request from /v1/contribution/group/groups having a method of GET","service":"auth-service","timestamp":"2025-09-08T06:56:52.203Z"}
{"level":"info","message":"user hit the validateTokenMiddleware","service":"auth-service","timestamp":"2025-09-08T06:56:52.204Z"}
{"level":"info","message":"request from /v1/auth/login having a method of POST","service":"auth-service","timestamp":"2025-09-08T07:21:15.253Z"}
{"level":"info","message":"request from /v1/contribution/group/groups having a method of GET","service":"auth-service","timestamp":"2025-09-08T07:21:20.387Z"}
{"level":"info","message":"user hit the validateTokenMiddleware","service":"auth-service","timestamp":"2025-09-08T07:21:20.388Z"}
{"level":"info","message":"request from /v1/contribution/group/groups having a method of GET","service":"auth-service","timestamp":"2025-09-08T07:21:20.410Z"}
{"level":"info","message":"user hit the validateTokenMiddleware","service":"auth-service","timestamp":"2025-09-08T07:21:20.411Z"}
{"level":"info","message":"request from /v1/contribution/group/groups having a method of GET","service":"auth-service","timestamp":"2025-09-08T07:24:04.364Z"}
{"level":"info","message":"user hit the validateTokenMiddleware","service":"auth-service","timestamp":"2025-09-08T07:24:04.372Z"}
{"level":"info","message":"request from /v1/contribution/group/groups having a method of GET","service":"auth-service","timestamp":"2025-09-08T07:24:04.430Z"}
{"level":"info","message":"user hit the validateTokenMiddleware","service":"auth-service","timestamp":"2025-09-08T07:24:04.430Z"}
{"level":"info","message":"request from /v1/contribution/member/addMember having a method of POST","service":"auth-service","timestamp":"2025-09-08T07:24:10.560Z"}
{"level":"info","message":"user hit the validateTokenMiddleware","service":"auth-service","timestamp":"2025-09-08T07:24:10.561Z"}
{"level":"info","message":"request from /v1/contribution/group/groups having a method of GET","service":"auth-service","timestamp":"2025-09-08T07:24:10.864Z"}
{"level":"info","message":"user hit the validateTokenMiddleware","service":"auth-service","timestamp":"2025-09-08T07:24:10.864Z"}
{"level":"info","message":"request from /v1/contribution/group/68b7a116d13a1cfe7a371afd having a method of GET","service":"auth-service","timestamp":"2025-09-08T07:24:23.661Z"}
{"level":"info","message":"user hit the validateTokenMiddleware","service":"auth-service","timestamp":"2025-09-08T07:24:23.663Z"}
{"level":"info","message":"request from /v1/contribution/group/members/68b7a116d13a1cfe7a371afd having a method of GET","service":"auth-service","timestamp":"2025-09-08T07:24:23.677Z"}
{"level":"info","message":"user hit the validateTokenMiddleware","service":"auth-service","timestamp":"2025-09-08T07:24:23.677Z"}
{"level":"info","message":"request from /v1/contribution/group/groups having a method of GET","service":"auth-service","timestamp":"2025-09-08T07:28:53.007Z"}
{"level":"info","message":"user hit the validateTokenMiddleware","service":"auth-service","timestamp":"2025-09-08T07:28:53.012Z"}
{"level":"info","message":"request from /v1/contribution/group/groups having a method of GET","service":"auth-service","timestamp":"2025-09-08T07:28:53.054Z"}
{"level":"info","message":"user hit the validateTokenMiddleware","service":"auth-service","timestamp":"2025-09-08T07:28:53.055Z"}
{"level":"info","message":"request from /v1/contribution/group/68b7a116d13a1cfe7a371afd having a method of GET","service":"auth-service","timestamp":"2025-09-08T07:28:56.666Z"}
{"level":"info","message":"user hit the validateTokenMiddleware","service":"auth-service","timestamp":"2025-09-08T07:28:56.667Z"}
{"level":"info","message":"request from /v1/contribution/group/members/68b7a116d13a1cfe7a371afd having a method of GET","service":"auth-service","timestamp":"2025-09-08T07:28:56.673Z"}
{"level":"info","message":"user hit the validateTokenMiddleware","service":"auth-service","timestamp":"2025-09-08T07:28:56.674Z"}
{"level":"info","message":"request from /v1/contribution/group/members/68b7a116d13a1cfe7a371afd having a method of GET","service":"auth-service","timestamp":"2025-09-08T07:29:14.636Z"}
{"level":"info","message":"user hit the validateTokenMiddleware","service":"auth-service","timestamp":"2025-09-08T07:29:14.637Z"}
{"level":"info","message":"request from /v1/contribution/group/68b7a116d13a1cfe7a371afd having a method of GET","service":"auth-service","timestamp":"2025-09-08T07:29:14.641Z"}
{"level":"info","message":"user hit the validateTokenMiddleware","service":"auth-service","timestamp":"2025-09-08T07:29:14.642Z"}
{"level":"info","message":"request from /v1/contribution/group/members/68b7a146d13a1cfe7a371aff having a method of GET","service":"auth-service","timestamp":"2025-09-08T07:30:59.143Z"}
{"level":"info","message":"user hit the validateTokenMiddleware","service":"auth-service","timestamp":"2025-09-08T07:30:59.157Z"}
{"level":"info","message":"request from /v1/contribution/group/68b7a146d13a1cfe7a371aff having a method of GET","service":"auth-service","timestamp":"2025-09-08T07:30:59.186Z"}
{"level":"info","message":"user hit the validateTokenMiddleware","service":"auth-service","timestamp":"2025-09-08T07:30:59.191Z"}
{"level":"info","message":"request from /v1/contribution/group/members/68b85a08d13a1cfe7a371bff having a method of GET","service":"auth-service","timestamp":"2025-09-08T07:31:40.711Z"}
{"level":"info","message":"user hit the validateTokenMiddleware","service":"auth-service","timestamp":"2025-09-08T07:31:40.713Z"}
{"level":"info","message":"request from /v1/contribution/group/68b85a08d13a1cfe7a371bff having a method of GET","service":"auth-service","timestamp":"2025-09-08T07:31:40.722Z"}
{"level":"info","message":"user hit the validateTokenMiddleware","service":"auth-service","timestamp":"2025-09-08T07:31:40.723Z"}
{"level":"info","message":"request from /v1/contribution/group/members/68be7619d13a1cfe7a371d4e having a method of GET","service":"auth-service","timestamp":"2025-09-08T07:31:53.658Z"}
{"level":"info","message":"user hit the validateTokenMiddleware","service":"auth-service","timestamp":"2025-09-08T07:31:53.661Z"}
{"level":"info","message":"request from /v1/contribution/group/68be7619d13a1cfe7a371d4e having a method of GET","service":"auth-service","timestamp":"2025-09-08T07:31:53.694Z"}
{"level":"info","message":"user hit the validateTokenMiddleware","service":"auth-service","timestamp":"2025-09-08T07:31:53.694Z"}
{"level":"info","message":"request from /v1/contribution/group/68b84f2bd13a1cfe7a371b8b having a method of GET","service":"auth-service","timestamp":"2025-09-08T07:32:25.579Z"}
{"level":"info","message":"user hit the validateTokenMiddleware","service":"auth-service","timestamp":"2025-09-08T07:32:25.580Z"}
{"level":"info","message":"request from /v1/contribution/group/members/68b84f2bd13a1cfe7a371b8b having a method of GET","service":"auth-service","timestamp":"2025-09-08T07:32:25.583Z"}
{"level":"info","message":"user hit the validateTokenMiddleware","service":"auth-service","timestamp":"2025-09-08T07:32:25.583Z"}
{"level":"info","message":"request from /v1/contribution/group/members/68b7a116d13a1cfe7a371afd having a method of GET","service":"auth-service","timestamp":"2025-09-08T07:32:59.019Z"}
{"level":"info","message":"user hit the validateTokenMiddleware","service":"auth-service","timestamp":"2025-09-08T07:32:59.020Z"}
{"level":"info","message":"request from /v1/contribution/group/68b7a116d13a1cfe7a371afd having a method of GET","service":"auth-service","timestamp":"2025-09-08T07:32:59.029Z"}
{"level":"info","message":"user hit the validateTokenMiddleware","service":"auth-service","timestamp":"2025-09-08T07:32:59.029Z"}
{"level":"info","message":"request from /v1/auth/login having a method of POST","service":"auth-service","timestamp":"2025-09-08T07:56:44.675Z"}
{"level":"info","message":"request from /v1/contribution/group/groups having a method of GET","service":"auth-service","timestamp":"2025-09-08T07:57:13.185Z"}
{"level":"info","message":"user hit the validateTokenMiddleware","service":"auth-service","timestamp":"2025-09-08T07:57:13.186Z"}
{"level":"info","message":"request from /v1/contribution/group/groups having a method of GET","service":"auth-service","timestamp":"2025-09-08T07:57:13.209Z"}
{"level":"info","message":"user hit the validateTokenMiddleware","service":"auth-service","timestamp":"2025-09-08T07:57:13.209Z"}
{"level":"info","message":"request from /v1/contribution/group/groups having a method of GET","service":"auth-service","timestamp":"2025-09-08T07:59:09.900Z"}
{"level":"info","message":"user hit the validateTokenMiddleware","service":"auth-service","timestamp":"2025-09-08T07:59:09.913Z"}
{"level":"info","message":"request from /v1/contribution/group/groups having a method of GET","service":"auth-service","timestamp":"2025-09-08T07:59:10.295Z"}
{"level":"info","message":"user hit the validateTokenMiddleware","service":"auth-service","timestamp":"2025-09-08T07:59:10.297Z"}
{"level":"info","message":"request from /v1/contribution/group/groups having a method of GET","service":"auth-service","timestamp":"2025-09-08T07:59:11.351Z"}
{"level":"info","message":"user hit the validateTokenMiddleware","service":"auth-service","timestamp":"2025-09-08T07:59:11.352Z"}
{"level":"info","message":"request from /v1/contribution/group/groups having a method of GET","service":"auth-service","timestamp":"2025-09-08T07:59:13.613Z"}
{"level":"info","message":"user hit the validateTokenMiddleware","service":"auth-service","timestamp":"2025-09-08T07:59:13.614Z"}
{"level":"info","message":"request from /v1/contribution/group/groups having a method of GET","service":"auth-service","timestamp":"2025-09-08T08:04:02.452Z"}
{"level":"info","message":"user hit the validateTokenMiddleware","service":"auth-service","timestamp":"2025-09-08T08:04:02.469Z"}
{"level":"info","message":"request from /v1/contribution/group/groups having a method of GET","service":"auth-service","timestamp":"2025-09-08T08:04:02.510Z"}
{"level":"info","message":"user hit the validateTokenMiddleware","service":"auth-service","timestamp":"2025-09-08T08:04:02.511Z"}
{"level":"info","message":"request from /v1/contribution/group/members/68b7a116d13a1cfe7a371afd having a method of GET","service":"auth-service","timestamp":"2025-09-08T08:04:09.964Z"}
{"level":"info","message":"user hit the validateTokenMiddleware","service":"auth-service","timestamp":"2025-09-08T08:04:09.966Z"}
{"level":"info","message":"request from /v1/contribution/group/68b7a116d13a1cfe7a371afd having a method of GET","service":"auth-service","timestamp":"2025-09-08T08:04:09.974Z"}
{"level":"info","message":"user hit the validateTokenMiddleware","service":"auth-service","timestamp":"2025-09-08T08:04:09.974Z"}
{"level":"info","message":"request from /v1/contribution/group/68b7a146d13a1cfe7a371aff having a method of GET","service":"auth-service","timestamp":"2025-09-08T08:06:12.120Z"}
{"level":"info","message":"user hit the validateTokenMiddleware","service":"auth-service","timestamp":"2025-09-08T08:06:12.126Z"}
{"level":"info","message":"request from /v1/contribution/group/members/68b7a146d13a1cfe7a371aff having a method of GET","service":"auth-service","timestamp":"2025-09-08T08:06:12.140Z"}
{"level":"info","message":"user hit the validateTokenMiddleware","service":"auth-service","timestamp":"2025-09-08T08:06:12.141Z"}
{"level":"info","message":"request from /v1/contribution/group/groups having a method of GET","service":"auth-service","timestamp":"2025-09-08T08:06:49.057Z"}
{"level":"info","message":"user hit the validateTokenMiddleware","service":"auth-service","timestamp":"2025-09-08T08:06:49.064Z"}
{"level":"info","message":"request from /v1/contribution/group/groups having a method of GET","service":"auth-service","timestamp":"2025-09-08T08:06:49.843Z"}
{"level":"info","message":"user hit the validateTokenMiddleware","service":"auth-service","timestamp":"2025-09-08T08:06:49.844Z"}
{"level":"info","message":"request from /v1/contribution/group/groups having a method of GET","service":"auth-service","timestamp":"2025-09-08T08:06:52.622Z"}
{"level":"info","message":"user hit the validateTokenMiddleware","service":"auth-service","timestamp":"2025-09-08T08:06:52.624Z"}
{"level":"info","message":"request from /v1/contribution/group/groups having a method of GET","service":"auth-service","timestamp":"2025-09-08T08:06:53.077Z"}
{"level":"info","message":"user hit the validateTokenMiddleware","service":"auth-service","timestamp":"2025-09-08T08:06:53.078Z"}
{"level":"info","message":"request from /v1/contribution/group/members/68b7a116d13a1cfe7a371afd having a method of GET","service":"auth-service","timestamp":"2025-09-08T08:07:02.269Z"}
{"level":"info","message":"user hit the validateTokenMiddleware","service":"auth-service","timestamp":"2025-09-08T08:07:02.270Z"}
{"level":"info","message":"request from /v1/contribution/group/68b7a116d13a1cfe7a371afd having a method of GET","service":"auth-service","timestamp":"2025-09-08T08:07:02.276Z"}
{"level":"info","message":"user hit the validateTokenMiddleware","service":"auth-service","timestamp":"2025-09-08T08:07:02.276Z"}
{"level":"info","message":"App at api-gateway started at port 9000","service":"auth-service","timestamp":"2025-09-08T12:18:25.027Z"}
{"level":"info","message":"App at api-gateway started at port 9000","service":"auth-service","timestamp":"2025-09-08T12:18:39.576Z"}
{"level":"info","message":"App at api-gateway started at port 9000","service":"auth-service","timestamp":"2025-09-08T12:18:42.809Z"}
{"level":"info","message":"App at api-gateway started at port 9000","service":"auth-service","timestamp":"2025-09-08T12:18:48.950Z"}
{"level":"info","message":"App at api-gateway started at port 9000","service":"auth-service","timestamp":"2025-09-08T12:19:00.863Z"}
{"level":"info","message":"App at api-gateway started at port 9000","service":"auth-service","timestamp":"2025-09-08T12:19:10.391Z"}
{"level":"info","message":"App at api-gateway started at port 9000","service":"auth-service","timestamp":"2025-09-08T12:20:33.123Z"}
{"level":"info","message":"request from /v1/payment/history having a method of POST","service":"auth-service","timestamp":"2025-09-08T12:22:20.460Z"}
{"level":"info","message":"user hit the validateTokenMiddleware","service":"auth-service","timestamp":"2025-09-08T12:22:20.464Z"}
{"level":"info","message":"Attempt to login with out a token","service":"auth-service","timestamp":"2025-09-08T12:22:20.464Z"}
{"level":"info","message":"request from /api/auth/login having a method of POST","service":"auth-service","timestamp":"2025-09-08T12:24:40.316Z"}
{"level":"info","message":"request from /api/auth/login having a method of POST","service":"auth-service","timestamp":"2025-09-08T12:24:54.672Z"}
{"level":"info","message":"request from /v1/auth/login having a method of POST","service":"auth-service","timestamp":"2025-09-08T12:26:31.999Z"}
{"level":"info","message":"request from /v1/auth/login having a method of POST","service":"auth-service","timestamp":"2025-09-08T12:29:12.273Z"}
{"level":"info","message":"request from /v1/auth/login having a method of POST","service":"auth-service","timestamp":"2025-09-08T12:29:22.749Z"}
{"level":"info","message":"request from /v1/payment/history having a method of POST","service":"auth-service","timestamp":"2025-09-08T12:30:42.757Z"}
{"level":"info","message":"user hit the validateTokenMiddleware","service":"auth-service","timestamp":"2025-09-08T12:30:42.758Z"}
{"level":"info","message":"request from /v1/auth/login having a method of POST","service":"auth-service","timestamp":"2025-09-08T13:04:02.890Z"}
{"level":"info","message":"request from /v1/contribution/group/groups having a method of GET","service":"auth-service","timestamp":"2025-09-08T13:04:10.221Z"}
{"level":"info","message":"user hit the validateTokenMiddleware","service":"auth-service","timestamp":"2025-09-08T13:04:10.222Z"}
{"level":"info","message":"request from /v1/contribution/group/groups having a method of GET","service":"auth-service","timestamp":"2025-09-08T13:04:10.246Z"}
{"level":"info","message":"user hit the validateTokenMiddleware","service":"auth-service","timestamp":"2025-09-08T13:04:10.246Z"}
{"level":"info","message":"request from /v1/contribution/group/groups having a method of GET","service":"auth-service","timestamp":"2025-09-08T14:11:06.792Z"}
{"level":"info","message":"user hit the validateTokenMiddleware","service":"auth-service","timestamp":"2025-09-08T14:11:06.804Z"}
{"level":"info","message":"request from /v1/auth/login having a method of POST","service":"auth-service","timestamp":"2025-09-08T14:15:55.605Z"}
{"level":"info","message":"request from /v1/auth/login having a method of POST","service":"auth-service","timestamp":"2025-09-08T14:16:08.400Z"}
{"level":"info","message":"request from /v1/contribution/group/groups having a method of GET","service":"auth-service","timestamp":"2025-09-08T14:16:11.718Z"}
{"level":"info","message":"user hit the validateTokenMiddleware","service":"auth-service","timestamp":"2025-09-08T14:16:11.720Z"}
{"level":"info","message":"request from /v1/contribution/group/groups having a method of GET","service":"auth-service","timestamp":"2025-09-08T14:16:11.735Z"}
{"level":"info","message":"user hit the validateTokenMiddleware","service":"auth-service","timestamp":"2025-09-08T14:16:11.736Z"}
{"level":"info","message":"request from /v1/contribution/group/members/68b7a146d13a1cfe7a371aff having a method of GET","service":"auth-service","timestamp":"2025-09-08T14:16:22.461Z"}
{"level":"info","message":"user hit the validateTokenMiddleware","service":"auth-service","timestamp":"2025-09-08T14:16:22.463Z"}
{"level":"info","message":"request from /v1/contribution/group/68b7a146d13a1cfe7a371aff having a method of GET","service":"auth-service","timestamp":"2025-09-08T14:16:22.484Z"}
{"level":"info","message":"user hit the validateTokenMiddleware","service":"auth-service","timestamp":"2025-09-08T14:16:22.485Z"}
{"level":"info","message":"request from /v1/payment/paymentIntent having a method of POST","service":"auth-service","timestamp":"2025-09-08T14:16:23.165Z"}
{"level":"info","message":"user hit the validateTokenMiddleware","service":"auth-service","timestamp":"2025-09-08T14:16:23.169Z"}
{"level":"info","message":"request from /v1/contribution/group/groups having a method of GET","service":"auth-service","timestamp":"2025-09-08T14:24:50.904Z"}
{"level":"info","message":"user hit the validateTokenMiddleware","service":"auth-service","timestamp":"2025-09-08T14:24:50.940Z"}
{"level":"info","message":"request from /v1/contribution/group/groups having a method of GET","service":"auth-service","timestamp":"2025-09-08T14:24:51.007Z"}
{"level":"info","message":"user hit the validateTokenMiddleware","service":"auth-service","timestamp":"2025-09-08T14:24:51.008Z"}
{"level":"info","message":"request from /v1/contribution/group/68b7a146d13a1cfe7a371aff having a method of GET","service":"auth-service","timestamp":"2025-09-08T14:24:53.811Z"}
{"level":"info","message":"user hit the validateTokenMiddleware","service":"auth-service","timestamp":"2025-09-08T14:24:53.812Z"}
{"level":"info","message":"request from /v1/contribution/group/members/68b7a146d13a1cfe7a371aff having a method of GET","service":"auth-service","timestamp":"2025-09-08T14:24:53.821Z"}
{"level":"info","message":"user hit the validateTokenMiddleware","service":"auth-service","timestamp":"2025-09-08T14:24:53.821Z"}
{"level":"info","message":"request from /v1/payment/paymentIntent having a method of POST","service":"auth-service","timestamp":"2025-09-08T14:24:54.116Z"}
{"level":"info","message":"user hit the validateTokenMiddleware","service":"auth-service","timestamp":"2025-09-08T14:24:54.116Z"}
{"level":"info","message":"request from /v1/payment/paymentIntent having a method of POST","service":"auth-service","timestamp":"2025-09-08T14:26:24.187Z"}
{"level":"info","message":"user hit the validateTokenMiddleware","service":"auth-service","timestamp":"2025-09-08T14:26:24.195Z"}
{"level":"info","message":"request from /v1/payment/paymentIntent having a method of POST","service":"auth-service","timestamp":"2025-09-08T14:26:28.717Z"}
{"level":"info","message":"user hit the validateTokenMiddleware","service":"auth-service","timestamp":"2025-09-08T14:26:28.721Z"}
{"level":"info","message":"request from /v1/payment/paymentIntent having a method of POST","service":"auth-service","timestamp":"2025-09-08T14:28:08.066Z"}
{"level":"info","message":"user hit the validateTokenMiddleware","service":"auth-service","timestamp":"2025-09-08T14:28:08.073Z"}
{"level":"info","message":"request from /v1/payment/paymentIntent having a method of POST","service":"auth-service","timestamp":"2025-09-08T14:28:08.082Z"}
{"level":"info","message":"user hit the validateTokenMiddleware","service":"auth-service","timestamp":"2025-09-08T14:28:08.082Z"}
{"level":"info","message":"request from /v1/payment/paymentIntent having a method of POST","service":"auth-service","timestamp":"2025-09-08T14:28:27.167Z"}
{"level":"info","message":"user hit the validateTokenMiddleware","service":"auth-service","timestamp":"2025-09-08T14:28:27.171Z"}
{"level":"info","message":"request from /v1/payment/paymentIntent having a method of POST","service":"auth-service","timestamp":"2025-09-08T14:28:28.744Z"}
{"level":"info","message":"user hit the validateTokenMiddleware","service":"auth-service","timestamp":"2025-09-08T14:28:28.744Z"}
{"level":"info","message":"request from /v1/payment/paymentIntent having a method of POST","service":"auth-service","timestamp":"2025-09-08T14:28:31.964Z"}
{"level":"info","message":"user hit the validateTokenMiddleware","service":"auth-service","timestamp":"2025-09-08T14:28:31.966Z"}
{"level":"info","message":"request from /v1/payment/paymentIntent having a method of POST","service":"auth-service","timestamp":"2025-09-08T14:28:33.181Z"}
{"level":"info","message":"user hit the validateTokenMiddleware","service":"auth-service","timestamp":"2025-09-08T14:28:33.182Z"}
{"level":"info","message":"request from /v1/payment/paymentIntent having a method of POST","service":"auth-service","timestamp":"2025-09-08T14:28:37.699Z"}
{"level":"info","message":"user hit the validateTokenMiddleware","service":"auth-service","timestamp":"2025-09-08T14:28:37.700Z"}
{"level":"info","message":"request from /v1/payment/paymentIntent having a method of POST","service":"auth-service","timestamp":"2025-09-08T14:28:42.475Z"}
{"level":"info","message":"user hit the validateTokenMiddleware","service":"auth-service","timestamp":"2025-09-08T14:28:42.476Z"}
{"level":"info","message":"request from /v1/payment/paymentIntent having a method of POST","service":"auth-service","timestamp":"2025-09-08T14:28:44.719Z"}
{"level":"info","message":"user hit the validateTokenMiddleware","service":"auth-service","timestamp":"2025-09-08T14:28:44.720Z"}
{"level":"info","message":"request from /v1/payment/paymentIntent having a method of POST","service":"auth-service","timestamp":"2025-09-08T14:28:50.001Z"}
{"level":"info","message":"user hit the validateTokenMiddleware","service":"auth-service","timestamp":"2025-09-08T14:28:50.002Z"}
{"level":"info","message":"request from /v1/payment/paymentIntent having a method of POST","service":"auth-service","timestamp":"2025-09-08T14:28:50.214Z"}
{"level":"info","message":"user hit the validateTokenMiddleware","service":"auth-service","timestamp":"2025-09-08T14:28:50.217Z"}
{"level":"info","message":"request from /v1/payment/paymentIntent having a method of POST","service":"auth-service","timestamp":"2025-09-08T14:28:53.531Z"}
{"level":"info","message":"user hit the validateTokenMiddleware","service":"auth-service","timestamp":"2025-09-08T14:28:53.535Z"}
{"level":"info","message":"request from /v1/payment/paymentIntent having a method of POST","service":"auth-service","timestamp":"2025-09-08T14:28:53.691Z"}
{"level":"info","message":"user hit the validateTokenMiddleware","service":"auth-service","timestamp":"2025-09-08T14:28:53.691Z"}
{"level":"info","message":"request from /v1/payment/paymentIntent having a method of POST","service":"auth-service","timestamp":"2025-09-08T14:28:58.978Z"}
{"level":"info","message":"user hit the validateTokenMiddleware","service":"auth-service","timestamp":"2025-09-08T14:28:58.979Z"}
{"level":"info","message":"request from /v1/payment/paymentIntent having a method of POST","service":"auth-service","timestamp":"2025-09-08T14:29:06.527Z"}
{"level":"info","message":"user hit the validateTokenMiddleware","service":"auth-service","timestamp":"2025-09-08T14:29:06.527Z"}
{"level":"info","message":"request from /v1/payment/paymentIntent having a method of POST","service":"auth-service","timestamp":"2025-09-08T14:29:12.030Z"}
{"level":"info","message":"user hit the validateTokenMiddleware","service":"auth-service","timestamp":"2025-09-08T14:29:12.032Z"}
{"level":"info","message":"request from /v1/payment/paymentIntent having a method of POST","service":"auth-service","timestamp":"2025-09-08T14:29:12.042Z"}
{"level":"info","message":"user hit the validateTokenMiddleware","service":"auth-service","timestamp":"2025-09-08T14:29:12.042Z"}
{"level":"info","message":"request from /v1/auth/login having a method of POST","service":"auth-service","timestamp":"2025-09-08T17:11:37.122Z"}
{"level":"info","message":"request from /v1/contribution/group/groups having a method of GET","service":"auth-service","timestamp":"2025-09-08T17:11:52.684Z"}
{"level":"info","message":"user hit the validateTokenMiddleware","service":"auth-service","timestamp":"2025-09-08T17:11:52.689Z"}
{"level":"info","message":"request from /v1/contribution/group/groups having a method of GET","service":"auth-service","timestamp":"2025-09-08T17:11:52.715Z"}
{"level":"info","message":"user hit the validateTokenMiddleware","service":"auth-service","timestamp":"2025-09-08T17:11:52.716Z"}
{"level":"info","message":"request from /v1/payment/history having a method of POST","service":"auth-service","timestamp":"2025-09-08T17:11:57.758Z"}
{"level":"info","message":"user hit the validateTokenMiddleware","service":"auth-service","timestamp":"2025-09-08T17:11:57.760Z"}
{"level":"info","message":"request from /v1/contribution/group/68b7a146d13a1cfe7a371aff having a method of GET","service":"auth-service","timestamp":"2025-09-08T17:12:27.507Z"}
{"level":"info","message":"user hit the validateTokenMiddleware","service":"auth-service","timestamp":"2025-09-08T17:12:27.512Z"}
{"level":"info","message":"request from /v1/contribution/group/members/68b7a146d13a1cfe7a371aff having a method of GET","service":"auth-service","timestamp":"2025-09-08T17:12:27.553Z"}
{"level":"info","message":"user hit the validateTokenMiddleware","service":"auth-service","timestamp":"2025-09-08T17:12:27.554Z"}
{"level":"info","message":"request from /v1/payment/paymentIntent having a method of POST","service":"auth-service","timestamp":"2025-09-08T17:12:28.015Z"}
{"level":"info","message":"user hit the validateTokenMiddleware","service":"auth-service","timestamp":"2025-09-08T17:12:28.015Z"}
{"level":"info","message":"request from /v1/auth/login having a method of POST","service":"auth-service","timestamp":"2025-09-08T17:15:07.631Z"}
{"level":"info","message":"request from /v1/payment/history having a method of POST","service":"auth-service","timestamp":"2025-09-08T17:15:11.086Z"}
{"level":"info","message":"user hit the validateTokenMiddleware","service":"auth-service","timestamp":"2025-09-08T17:15:11.089Z"}
{"level":"info","message":"request from /v1/contribution/group/groups having a method of GET","service":"auth-service","timestamp":"2025-09-08T17:20:37.346Z"}
{"level":"info","message":"user hit the validateTokenMiddleware","service":"auth-service","timestamp":"2025-09-08T17:20:37.367Z"}
{"level":"info","message":"request from /v1/contribution/group/groups having a method of GET","service":"auth-service","timestamp":"2025-09-08T17:20:37.437Z"}
{"level":"info","message":"user hit the validateTokenMiddleware","service":"auth-service","timestamp":"2025-09-08T17:20:37.438Z"}
{"level":"info","message":"request from /v1/contribution/group/68b7a116d13a1cfe7a371afd having a method of GET","service":"auth-service","timestamp":"2025-09-08T17:20:42.291Z"}
{"level":"info","message":"user hit the validateTokenMiddleware","service":"auth-service","timestamp":"2025-09-08T17:20:42.292Z"}
{"level":"info","message":"request from /v1/contribution/group/members/68b7a116d13a1cfe7a371afd having a method of GET","service":"auth-service","timestamp":"2025-09-08T17:20:42.299Z"}
{"level":"info","message":"user hit the validateTokenMiddleware","service":"auth-service","timestamp":"2025-09-08T17:20:42.301Z"}
{"level":"info","message":"request from /v1/payment/paymentIntent having a method of POST","service":"auth-service","timestamp":"2025-09-08T17:20:42.785Z"}
{"level":"info","message":"user hit the validateTokenMiddleware","service":"auth-service","timestamp":"2025-09-08T17:20:42.786Z"}
{"level":"info","message":"request from /v1/contribution/group/68b7a146d13a1cfe7a371aff having a method of GET","service":"auth-service","timestamp":"2025-09-08T17:20:47.794Z"}
{"level":"info","message":"user hit the validateTokenMiddleware","service":"auth-service","timestamp":"2025-09-08T17:20:47.795Z"}
{"level":"info","message":"request from /v1/contribution/group/members/68b7a146d13a1cfe7a371aff having a method of GET","service":"auth-service","timestamp":"2025-09-08T17:20:47.803Z"}
{"level":"info","message":"user hit the validateTokenMiddleware","service":"auth-service","timestamp":"2025-09-08T17:20:47.805Z"}
{"level":"info","message":"request from /v1/payment/paymentIntent having a method of POST","service":"auth-service","timestamp":"2025-09-08T17:20:48.124Z"}
{"level":"info","message":"user hit the validateTokenMiddleware","service":"auth-service","timestamp":"2025-09-08T17:20:48.124Z"}
{"level":"info","message":"request from /v1/auth/login having a method of POST","service":"auth-service","timestamp":"2025-09-08T18:44:56.709Z"}
{"level":"info","message":"request from /v1/contribution/group/groups having a method of GET","service":"auth-service","timestamp":"2025-09-08T18:45:00.823Z"}
{"level":"info","message":"user hit the validateTokenMiddleware","service":"auth-service","timestamp":"2025-09-08T18:45:00.832Z"}
{"level":"info","message":"request from /v1/contribution/group/groups having a method of GET","service":"auth-service","timestamp":"2025-09-08T18:45:00.938Z"}
{"level":"info","message":"user hit the validateTokenMiddleware","service":"auth-service","timestamp":"2025-09-08T18:45:00.941Z"}
{"level":"info","message":"request from /v1/contribution/group/members/68b7a146d13a1cfe7a371aff having a method of GET","service":"auth-service","timestamp":"2025-09-08T18:45:06.331Z"}
{"level":"info","message":"user hit the validateTokenMiddleware","service":"auth-service","timestamp":"2025-09-08T18:45:06.333Z"}
{"level":"info","message":"request from /v1/contribution/group/68b7a146d13a1cfe7a371aff having a method of GET","service":"auth-service","timestamp":"2025-09-08T18:45:06.337Z"}
{"level":"info","message":"user hit the validateTokenMiddleware","service":"auth-service","timestamp":"2025-09-08T18:45:06.337Z"}
{"level":"info","message":"request from /v1/payment/paymentIntent having a method of POST","service":"auth-service","timestamp":"2025-09-08T18:45:06.652Z"}
{"level":"info","message":"user hit the validateTokenMiddleware","service":"auth-service","timestamp":"2025-09-08T18:45:06.652Z"}
{"level":"info","message":"request from /v1/payment/history having a method of POST","service":"auth-service","timestamp":"2025-09-08T18:47:58.649Z"}
{"level":"info","message":"user hit the validateTokenMiddleware","service":"auth-service","timestamp":"2025-09-08T18:47:58.660Z"}
{"level":"info","message":"request from /v1/auth/login having a method of POST","service":"auth-service","timestamp":"2025-09-08T18:49:21.531Z"}
{"level":"info","message":"request from /v1/contribution/group/groups having a method of GET","service":"auth-service","timestamp":"2025-09-08T18:49:28.453Z"}
{"level":"info","message":"user hit the validateTokenMiddleware","service":"auth-service","timestamp":"2025-09-08T18:49:28.461Z"}
{"level":"info","message":"request from /v1/contribution/group/groups having a method of GET","service":"auth-service","timestamp":"2025-09-08T18:49:28.470Z"}
{"level":"info","message":"user hit the validateTokenMiddleware","service":"auth-service","timestamp":"2025-09-08T18:49:28.472Z"}
{"level":"info","message":"request from /v1/contribution/group/members/68b7a146d13a1cfe7a371aff having a method of GET","service":"auth-service","timestamp":"2025-09-08T18:49:30.879Z"}
{"level":"info","message":"user hit the validateTokenMiddleware","service":"auth-service","timestamp":"2025-09-08T18:49:30.884Z"}
{"level":"info","message":"request from /v1/contribution/group/68b7a146d13a1cfe7a371aff having a method of GET","service":"auth-service","timestamp":"2025-09-08T18:49:30.888Z"}
{"level":"info","message":"user hit the validateTokenMiddleware","service":"auth-service","timestamp":"2025-09-08T18:49:30.889Z"}
{"level":"info","message":"request from /v1/payment/paymentIntent having a method of POST","service":"auth-service","timestamp":"2025-09-08T18:49:31.167Z"}
{"level":"info","message":"user hit the validateTokenMiddleware","service":"auth-service","timestamp":"2025-09-08T18:49:31.167Z"}
{"level":"info","message":"request from /v1/auth/login having a method of POST","service":"auth-service","timestamp":"2025-09-08T18:56:41.676Z"}
{"level":"info","message":"request from /v1/auth/login having a method of POST","service":"auth-service","timestamp":"2025-09-08T18:57:03.852Z"}
{"level":"info","message":"request from /v1/contribution/group/groups having a method of GET","service":"auth-service","timestamp":"2025-09-08T18:57:09.108Z"}
{"level":"info","message":"user hit the validateTokenMiddleware","service":"auth-service","timestamp":"2025-09-08T18:57:09.110Z"}
{"level":"info","message":"request from /v1/contribution/group/groups having a method of GET","service":"auth-service","timestamp":"2025-09-08T18:57:09.133Z"}
{"level":"info","message":"user hit the validateTokenMiddleware","service":"auth-service","timestamp":"2025-09-08T18:57:09.133Z"}
{"level":"info","message":"request from /v1/contribution/group/members/68b7a146d13a1cfe7a371aff having a method of GET","service":"auth-service","timestamp":"2025-09-08T18:57:13.282Z"}
{"level":"info","message":"user hit the validateTokenMiddleware","service":"auth-service","timestamp":"2025-09-08T18:57:13.283Z"}
{"level":"info","message":"request from /v1/contribution/group/68b7a146d13a1cfe7a371aff having a method of GET","service":"auth-service","timestamp":"2025-09-08T18:57:13.288Z"}
{"level":"info","message":"user hit the validateTokenMiddleware","service":"auth-service","timestamp":"2025-09-08T18:57:13.288Z"}
{"level":"info","message":"request from /v1/payment/paymentIntent having a method of POST","service":"auth-service","timestamp":"2025-09-08T18:57:13.556Z"}
{"level":"info","message":"user hit the validateTokenMiddleware","service":"auth-service","timestamp":"2025-09-08T18:57:13.557Z"}
{"level":"info","message":"request from /v1/auth/login having a method of POST","service":"auth-service","timestamp":"2025-09-08T19:05:09.640Z"}
{"level":"info","message":"request from /v1/contribution/group/groups having a method of GET","service":"auth-service","timestamp":"2025-09-08T19:05:13.475Z"}
{"level":"info","message":"user hit the validateTokenMiddleware","service":"auth-service","timestamp":"2025-09-08T19:05:13.478Z"}
{"level":"info","message":"request from /v1/contribution/group/groups having a method of GET","service":"auth-service","timestamp":"2025-09-08T19:05:13.495Z"}
{"level":"info","message":"user hit the validateTokenMiddleware","service":"auth-service","timestamp":"2025-09-08T19:05:13.495Z"}
{"level":"info","message":"request from /v1/contribution/group/members/68b7a146d13a1cfe7a371aff having a method of GET","service":"auth-service","timestamp":"2025-09-08T19:05:16.445Z"}
{"level":"info","message":"user hit the validateTokenMiddleware","service":"auth-service","timestamp":"2025-09-08T19:05:16.446Z"}
{"level":"info","message":"request from /v1/contribution/group/68b7a146d13a1cfe7a371aff having a method of GET","service":"auth-service","timestamp":"2025-09-08T19:05:16.461Z"}
{"level":"info","message":"user hit the validateTokenMiddleware","service":"auth-service","timestamp":"2025-09-08T19:05:16.461Z"}
{"level":"info","message":"request from /v1/payment/paymentIntent having a method of POST","service":"auth-service","timestamp":"2025-09-08T19:05:16.848Z"}
{"level":"info","message":"user hit the validateTokenMiddleware","service":"auth-service","timestamp":"2025-09-08T19:05:16.848Z"}
{"level":"info","message":"request from /v1/auth/login having a method of POST","service":"auth-service","timestamp":"2025-09-08T19:07:53.678Z"}
{"level":"info","message":"request from /v1/contribution/group/groups having a method of GET","service":"auth-service","timestamp":"2025-09-08T19:07:56.940Z"}
{"level":"info","message":"user hit the validateTokenMiddleware","service":"auth-service","timestamp":"2025-09-08T19:07:56.942Z"}
{"level":"info","message":"request from /v1/contribution/group/groups having a method of GET","service":"auth-service","timestamp":"2025-09-08T19:07:56.962Z"}
{"level":"info","message":"user hit the validateTokenMiddleware","service":"auth-service","timestamp":"2025-09-08T19:07:56.962Z"}
{"level":"info","message":"request from /v1/contribution/group/68b7a146d13a1cfe7a371aff having a method of GET","service":"auth-service","timestamp":"2025-09-08T19:07:59.364Z"}
{"level":"info","message":"user hit the validateTokenMiddleware","service":"auth-service","timestamp":"2025-09-08T19:07:59.370Z"}
{"level":"info","message":"request from /v1/contribution/group/members/68b7a146d13a1cfe7a371aff having a method of GET","service":"auth-service","timestamp":"2025-09-08T19:07:59.375Z"}
{"level":"info","message":"user hit the validateTokenMiddleware","service":"auth-service","timestamp":"2025-09-08T19:07:59.376Z"}
{"level":"info","message":"request from /v1/payment/paymentIntent having a method of POST","service":"auth-service","timestamp":"2025-09-08T19:08:00.031Z"}
{"level":"info","message":"user hit the validateTokenMiddleware","service":"auth-service","timestamp":"2025-09-08T19:08:00.041Z"}
{"level":"info","message":"request from /v1/auth/login having a method of POST","service":"auth-service","timestamp":"2025-09-09T01:22:15.259Z"}
{"level":"info","message":"request from /v1/auth/login having a method of POST","service":"auth-service","timestamp":"2025-09-09T01:22:25.737Z"}
{"level":"info","message":"request from /v1/contribution/group/groups having a method of GET","service":"auth-service","timestamp":"2025-09-09T01:22:28.584Z"}
{"level":"info","message":"user hit the validateTokenMiddleware","service":"auth-service","timestamp":"2025-09-09T01:22:28.587Z"}
{"level":"info","message":"request from /v1/contribution/group/groups having a method of GET","service":"auth-service","timestamp":"2025-09-09T01:22:28.619Z"}
{"level":"info","message":"user hit the validateTokenMiddleware","service":"auth-service","timestamp":"2025-09-09T01:22:28.621Z"}
{"level":"info","message":"request from /v1/contribution/group/68b7a146d13a1cfe7a371aff having a method of GET","service":"auth-service","timestamp":"2025-09-09T01:22:32.029Z"}
{"level":"info","message":"user hit the validateTokenMiddleware","service":"auth-service","timestamp":"2025-09-09T01:22:32.040Z"}
{"level":"info","message":"request from /v1/contribution/group/members/68b7a146d13a1cfe7a371aff having a method of GET","service":"auth-service","timestamp":"2025-09-09T01:22:32.063Z"}
{"level":"info","message":"user hit the validateTokenMiddleware","service":"auth-service","timestamp":"2025-09-09T01:22:32.064Z"}
{"level":"info","message":"request from /v1/payment/paymentIntent having a method of POST","service":"auth-service","timestamp":"2025-09-09T01:22:32.427Z"}
{"level":"info","message":"user hit the validateTokenMiddleware","service":"auth-service","timestamp":"2025-09-09T01:22:32.427Z"}
{"level":"info","message":"request from /v1/contribution/member/members/all having a method of GET","service":"auth-service","timestamp":"2025-09-09T01:25:26.011Z"}
{"level":"info","message":"user hit the validateTokenMiddleware","service":"auth-service","timestamp":"2025-09-09T01:25:26.019Z"}
